County,county_fips,City,StateCode,State,StationID,ConditionMonitoringReportID,ReportDate,ScaleBar,year,quarter,month,month_name,week,day
Gunnison,8051,Somerset,8,CO,07d786bc-bbff-4b62-8c9b-bfeee865aaeb,14797,1/24/2017,2,2017,1,1,Jan,4,24
Weld,8123,Longmont,8,CO,a7028cc9-b5f6-4710-a166-8e0a239193f6,15003,1/26/2017,-2,2017,1,1,Jan,4,26
Larimer,8069,Estes Park,8,CO,11876e6e-2bd1-4cff-be9f-37f2efad9987,14345,1/9/2017,0,2017,1,1,Jan,2,9
Larimer,8069,Estes Park,8,CO,11876e6e-2bd1-4cff-be9f-37f2efad9987,14513,1/16/2017,1,2017,1,1,Jan,3,16
Larimer,8069,Estes Park,8,CO,11876e6e-2bd1-4cff-be9f-37f2efad9987,15068,1/27/2017,0,2017,1,1,Jan,4,27
Larimer,8069,Fort Collins,8,CO,4a9d3b19-e6a1-4788-9c5c-3ab8732fd50f,14145,1/1/2017,-2,2017,1,1,Jan,52,1
Larimer,8069,Estes Park,8,CO,07b39d86-b36c-447d-a83c-72a7113e6e6b,14376,1/13/2017,0,2017,1,1,Jan,2,13
Larimer,8069,Estes Park,8,CO,07b39d86-b36c-447d-a83c-72a7113e6e6b,15329,1/31/2017,0,2017,1,1,Jan,5,31
Larimer,8069,Loveland,8,CO,5cf42229-ea14-4364-8d1e-43e1652798ce,14859,1/24/2017,1,2017,1,1,Jan,4,24
Larimer,8069,Berthoud,8,CO,cfe4d792-7849-4b8f-9ba2-794494d1c30d,14815,1/24/2017,0,2017,1,1,Jan,4,24
Boulder,8013,Erie,8,CO,d32d5003-b284-444a-b9db-a9127ca21672,15001,1/26/2017,-2,2017,1,1,Jan,4,26
Otero,8089,La Junta,8,CO,4034a193-3569-4525-ba18-5d3551d24706,14471,1/15/2017,0,2017,1,1,Jan,2,15
Otero,8089,La Junta,8,CO,4034a193-3569-4525-ba18-5d3551d24706,14712,1/23/2017,1,2017,1,1,Jan,4,23
Larimer,8069,Fort Collins,8,CO,aa6475c2-8a4b-4c4b-877c-c35733eb7b9b,14935,1/25/2017,1,2017,1,1,Jan,4,25
Jefferson,8059,Conifer,8,CO,cde1672d-aca2-4110-bb71-77904aa2a15f,14991,1/26/2017,-2,2017,1,1,Jan,4,26
Gunnison,8051,Crested Butte,8,CO,0711cf29-9a79-47b9-bd8e-cf89377b2ec6,14641,1/22/2017,3,2017,1,1,Jan,3,22
Douglas,8035,Highlands Ranch,8,CO,443f7ab4-a2ba-4b32-9ae1-7f09c72a5531,14140,1/1/2017,-2,2017,1,1,Jan,52,1
Douglas,8035,Highlands Ranch,8,CO,443f7ab4-a2ba-4b32-9ae1-7f09c72a5531,14291,1/8/2017,-2,2017,1,1,Jan,1,8
Douglas,8035,Highlands Ranch,8,CO,443f7ab4-a2ba-4b32-9ae1-7f09c72a5531,14400,1/14/2017,-1,2017,1,1,Jan,2,14
Douglas,8035,Highlands Ranch,8,CO,443f7ab4-a2ba-4b32-9ae1-7f09c72a5531,14587,1/21/2017,-1,2017,1,1,Jan,3,21
Douglas,8035,Highlands Ranch,8,CO,443f7ab4-a2ba-4b32-9ae1-7f09c72a5531,15132,1/28/2017,-1,2017,1,1,Jan,4,28
Larimer,8069,Fort Collins,8,CO,d43537ea-fe33-4deb-b6a5-9aedbb2d306d,14643,1/22/2017,-1,2017,1,1,Jan,3,22
Grand,8049,Parshall,8,CO,c83fc76c-86d4-40a2-89d8-45a4c95232c0,14202,1/3/2017,0,2017,1,1,Jan,1,3
Grand,8049,Parshall,8,CO,c83fc76c-86d4-40a2-89d8-45a4c95232c0,14518,1/16/2017,0,2017,1,1,Jan,3,16
Grand,8049,Parshall,8,CO,c83fc76c-86d4-40a2-89d8-45a4c95232c0,14716,1/23/2017,0,2017,1,1,Jan,4,23
Grand,8049,Parshall,8,CO,c83fc76c-86d4-40a2-89d8-45a4c95232c0,15305,1/30/2017,0,2017,1,1,Jan,5,30
Weld,8123,Greeley,8,CO,743652db-2d6f-4d32-a90f-2b81176203ae,14115,1/1/2017,-3,2017,1,1,Jan,52,1
Weld,8123,Greeley,8,CO,743652db-2d6f-4d32-a90f-2b81176203ae,14290,1/8/2017,-3,2017,1,1,Jan,1,8
Weld,8123,Greeley,8,CO,743652db-2d6f-4d32-a90f-2b81176203ae,14448,1/15/2017,-2,2017,1,1,Jan,2,15
Weld,8123,Greeley,8,CO,743652db-2d6f-4d32-a90f-2b81176203ae,14639,1/22/2017,-2,2017,1,1,Jan,3,22
Weld,8123,Greeley,8,CO,743652db-2d6f-4d32-a90f-2b81176203ae,15204,1/29/2017,-2,2017,1,1,Jan,4,29
Douglas,8035,Franktown,8,CO,f832164d-eccc-4926-a45d-5b0177c667e3,14183,1/2/2017,-2,2017,1,1,Jan,1,2
Douglas,8035,Franktown,8,CO,f832164d-eccc-4926-a45d-5b0177c667e3,14477,1/15/2017,-2,2017,1,1,Jan,2,15
La Plata,8067,Hesperus,8,CO,f3ee371f-67fe-4a4e-bfb9-4ef0edf33e6d,14474,1/15/2017,3,2017,1,1,Jan,2,15
Mesa,8077,Grand Junction,8,CO,8f87c06d-2b19-4d60-af1a-bd2df2b2742a,14606,1/21/2017,2,2017,1,1,Jan,3,21
Rio Grande,8105,Monte Vista,8,CO,62a50a13-b486-425d-bb45-f686fddcdd70,14549,1/19/2017,-2,2017,1,1,Jan,3,19
Larimer,8069,Fort Collins,8,CO,c512a3a7-6713-4785-81b2-daca59977b8d,14244,1/7/2017,-1,2017,1,1,Jan,1,7
Larimer,8069,Fort Collins,8,CO,c512a3a7-6713-4785-81b2-daca59977b8d,14408,1/14/2017,0,2017,1,1,Jan,2,14
Larimer,8069,Fort Collins,8,CO,c512a3a7-6713-4785-81b2-daca59977b8d,15161,1/28/2017,0,2017,1,1,Jan,4,28
Weld,8123,Greeley,8,CO,338f0b51-cf71-4278-ac7f-d623ec5092d7,14167,1/1/2017,0,2017,1,1,Jan,52,1
Weld,8123,Greeley,8,CO,338f0b51-cf71-4278-ac7f-d623ec5092d7,14335,1/8/2017,0,2017,1,1,Jan,1,8
Weld,8123,Greeley,8,CO,338f0b51-cf71-4278-ac7f-d623ec5092d7,14487,1/15/2017,0,2017,1,1,Jan,2,15
Weld,8123,Greeley,8,CO,338f0b51-cf71-4278-ac7f-d623ec5092d7,14677,1/22/2017,-1,2017,1,1,Jan,3,22
Weld,8123,Greeley,8,CO,338f0b51-cf71-4278-ac7f-d623ec5092d7,15258,1/29/2017,-1,2017,1,1,Jan,4,29
El Paso,8041,Colorado Springs,8,CO,db97c6cf-37d0-4393-94de-310ae7f1d3b4,14950,1/25/2017,-2,2017,1,1,Jan,4,25
Boulder,8013,Boulder,8,CO,c3a51b0c-1037-48ee-80a7-b8878639bcae,14343,1/9/2017,0,2017,1,1,Jan,2,9
Phillips,8095,Holyoke,8,CO,a144121a-78d2-4dd4-abdb-40778b308843,14522,1/15/2017,-2,2017,1,1,Jan,2,15
Montrose,8085,Montrose,8,CO,71afbbae-8067-4491-a6cb-92804f407220,14982,1/26/2017,2,2017,1,1,Jan,4,26
Garfield,8045,Glenwood Springs,8,CO,48ef33b1-b9eb-4eb4-a321-9d3b1f6dbb20,14402,1/14/2017,1,2017,1,1,Jan,2,14
El Paso,8041,Peyton,8,CO,32dc581e-d975-409a-a904-c584ddc538c9,14132,1/1/2017,-1,2017,1,1,Jan,52,1
El Paso,8041,Peyton,8,CO,32dc581e-d975-409a-a904-c584ddc538c9,14437,1/15/2017,-1,2017,1,1,Jan,2,15
El Paso,8041,Peyton,8,CO,32dc581e-d975-409a-a904-c584ddc538c9,14686,1/23/2017,0,2017,1,1,Jan,4,23
Weld,8123,Kersey,8,CO,7bfade50-5dce-4274-8680-032e402fcc82,14309,1/8/2017,0,2017,1,1,Jan,1,8
Weld,8123,Kersey,8,CO,7bfade50-5dce-4274-8680-032e402fcc82,14412,1/14/2017,0,2017,1,1,Jan,2,14
Weld,8123,Kersey,8,CO,7bfade50-5dce-4274-8680-032e402fcc82,14598,1/21/2017,0,2017,1,1,Jan,3,21
Weld,8123,Kersey,8,CO,7bfade50-5dce-4274-8680-032e402fcc82,15152,1/28/2017,0,2017,1,1,Jan,4,28
Eagle,8037,Vail,8,CO,64596176-5f0a-45a1-af19-1fb7049e3803,14133,1/1/2017,-1,2017,1,1,Jan,52,1
Eagle,8037,Vail,8,CO,64596176-5f0a-45a1-af19-1fb7049e3803,14283,1/8/2017,0,2017,1,1,Jan,1,8
Eagle,8037,Vail,8,CO,64596176-5f0a-45a1-af19-1fb7049e3803,14506,1/16/2017,2,2017,1,1,Jan,3,16
Eagle,8037,Vail,8,CO,64596176-5f0a-45a1-af19-1fb7049e3803,14640,1/22/2017,1,2017,1,1,Jan,3,22
Eagle,8037,Vail,8,CO,64596176-5f0a-45a1-af19-1fb7049e3803,15224,1/29/2017,2,2017,1,1,Jan,4,29
Larimer,8069,Fort Collins,8,CO,0c9ce279-0e49-44c1-9abb-9ca168f226c5,15010,1/26/2017,0,2017,1,1,Jan,4,26
Park,8093,Hartsel,8,CO,c38aa244-0f09-415c-b820-fa48a96b2eb7,14721,1/23/2017,3,2017,1,1,Jan,4,23
Boulder,8013,Niwot,8,CO,e550aab5-5965-41c9-8dd7-89602f9a0577,14833,1/24/2017,0,2017,1,1,Jan,4,24
Moffat,8081,Dinosaur,8,CO,dee2b4df-ffd2-42d3-8eaf-0763a52cadbe,14842,1/24/2017,0,2017,1,1,Jan,4,24
Arapahoe,8005,Aurora,8,CO,4644feb5-1660-46b3-a68b-d7a9746f4f0a,14931,1/25/2017,0,2017,1,1,Jan,4,25
Boulder,8013,longmont,8,CO,9143d16c-73fa-48c8-80b8-fbef32824952,15024,1/26/2017,0,2017,1,1,Jan,4,26
Gunnison,8051,Powderhorn,8,CO,18367129-e77c-47fe-8676-e465d3758b84,15026,1/26/2017,3,2017,1,1,Jan,4,26
Boulder,8013,Nederland,8,CO,2802349d-ccbb-41bb-94c9-c1bc24b3e7b1,15174,1/28/2017,1,2017,1,1,Jan,4,28
Adams,8001,Thornton,8,CO,98e4e56a-b927-4c32-94dc-cec3b8a4f684,15835,2/17/2017,-2,2017,1,2,Feb,7,17
Adams,8001,Thornton,8,CO,98e4e56a-b927-4c32-94dc-cec3b8a4f684,15877,2/18/2017,-3,2017,1,2,Feb,7,18
Washington,8121,Akron,8,CO,8750164b-9ca1-4e08-a2bd-1693205e3ba8,15891,2/18/2017,-2,2017,1,2,Feb,7,18
Washington,8121,cope,8,CO,faa0447d-0379-46df-8cdd-60a7841a0201,15649,2/11/2017,-3,2017,1,2,Feb,6,11
Washington,8121,cope,8,CO,faa0447d-0379-46df-8cdd-60a7841a0201,15933,2/19/2017,-3,2017,1,2,Feb,7,19
Larimer,8069,Fort Collins,8,CO,4a9d3b19-e6a1-4788-9c5c-3ab8732fd50f,15955,2/19/2017,-2,2017,1,2,Feb,7,19
Larimer,8069,Fort Collins,8,CO,4a9d3b19-e6a1-4788-9c5c-3ab8732fd50f,16198,2/26/2017,-1,2017,1,2,Feb,8,26
Boulder,8013,Erie,8,CO,d32d5003-b284-444a-b9db-a9127ca21672,15343,2/1/2017,-3,2017,1,2,Feb,5,1
Pueblo,8101,Pueblo West,8,CO,7471e7f4-151b-4187-8376-af71c0de3252,16060,2/22/2017,-2,2017,1,2,Feb,8,22
Pueblo,8101,Rye,8,CO,64ea6bd3-90a8-4766-9873-2236e4d58218,15356,2/2/2017,1,2017,1,2,Feb,5,2
Otero,8089,La Junta,8,CO,4034a193-3569-4525-ba18-5d3551d24706,15485,2/5/2017,0,2017,1,2,Feb,5,5
Otero,8089,La Junta,8,CO,4034a193-3569-4525-ba18-5d3551d24706,15726,2/12/2017,-1,2017,1,2,Feb,6,12
Douglas,8035,castle rock,8,CO,9cf18c5b-5989-484d-b2b1-e19d92a38dd6,15843,2/17/2017,-3,2017,1,2,Feb,7,17
Gunnison,8051,Crested Butte,8,CO,0711cf29-9a79-47b9-bd8e-cf89377b2ec6,16079,2/24/2017,3,2017,1,2,Feb,8,24
Douglas,8035,Highlands Ranch,8,CO,443f7ab4-a2ba-4b32-9ae1-7f09c72a5531,15399,2/4/2017,-1,2017,1,2,Feb,5,4
Douglas,8035,Highlands Ranch,8,CO,443f7ab4-a2ba-4b32-9ae1-7f09c72a5531,15644,2/11/2017,-2,2017,1,2,Feb,6,11
Douglas,8035,Highlands Ranch,8,CO,443f7ab4-a2ba-4b32-9ae1-7f09c72a5531,15872,2/18/2017,-2,2017,1,2,Feb,7,18
Douglas,8035,Highlands Ranch,8,CO,443f7ab4-a2ba-4b32-9ae1-7f09c72a5531,16116,2/25/2017,-1,2017,1,2,Feb,8,25
Larimer,8069,Fort Collins,8,CO,d43537ea-fe33-4deb-b6a5-9aedbb2d306d,15870,2/18/2017,-2,2017,1,2,Feb,7,18
Grand,8049,Parshall,8,CO,c83fc76c-86d4-40a2-89d8-45a4c95232c0,15434,2/4/2017,1,2017,1,2,Feb,5,4
Grand,8049,Parshall,8,CO,c83fc76c-86d4-40a2-89d8-45a4c95232c0,15783,2/13/2017,1,2017,1,2,Feb,7,13
Grand,8049,Parshall,8,CO,c83fc76c-86d4-40a2-89d8-45a4c95232c0,16027,2/20/2017,0,2017,1,2,Feb,8,20
Grand,8049,Parshall,8,CO,c83fc76c-86d4-40a2-89d8-45a4c95232c0,16262,2/27/2017,-1,2017,1,2,Feb,9,27
Weld,8123,Greeley,8,CO,743652db-2d6f-4d32-a90f-2b81176203ae,15476,2/5/2017,-2,2017,1,2,Feb,5,5
Weld,8123,Greeley,8,CO,743652db-2d6f-4d32-a90f-2b81176203ae,15706,2/12/2017,-2,2017,1,2,Feb,6,12
Weld,8123,Greeley,8,CO,743652db-2d6f-4d32-a90f-2b81176203ae,15901,2/19/2017,-1,2017,1,2,Feb,7,19
Weld,8123,Greeley,8,CO,743652db-2d6f-4d32-a90f-2b81176203ae,16175,2/26/2017,-1,2017,1,2,Feb,8,26
Mesa,8077,Grand Junction,8,CO,ed5346f0-6cad-48ac-bcd9-fae6155cdf58,15478,2/5/2017,0,2017,1,2,Feb,5,5
Mesa,8077,Grand Junction,8,CO,ed5346f0-6cad-48ac-bcd9-fae6155cdf58,15941,2/19/2017,2,2017,1,2,Feb,7,19
Douglas,8035,Franktown,8,CO,f832164d-eccc-4926-a45d-5b0177c667e3,16190,2/26/2017,-2,2017,1,2,Feb,8,26
La Plata,8067,Hesperus,8,CO,f3ee371f-67fe-4a4e-bfb9-4ef0edf33e6d,15495,2/5/2017,2,2017,1,2,Feb,5,5
Larimer,8069,Fort Collins,8,CO,c512a3a7-6713-4785-81b2-daca59977b8d,15433,2/4/2017,0,2017,1,2,Feb,5,4
Larimer,8069,Fort Collins,8,CO,c512a3a7-6713-4785-81b2-daca59977b8d,15715,2/12/2017,0,2017,1,2,Feb,6,12
Larimer,8069,Fort Collins,8,CO,c512a3a7-6713-4785-81b2-daca59977b8d,15984,2/19/2017,0,2017,1,2,Feb,7,19
Larimer,8069,Fort Collins,8,CO,c512a3a7-6713-4785-81b2-daca59977b8d,16125,2/25/2017,0,2017,1,2,Feb,8,25
Weld,8123,Greeley,8,CO,338f0b51-cf71-4278-ac7f-d623ec5092d7,15519,2/5/2017,-1,2017,1,2,Feb,5,5
Weld,8123,Greeley,8,CO,338f0b51-cf71-4278-ac7f-d623ec5092d7,15751,2/12/2017,-2,2017,1,2,Feb,6,12
Weld,8123,Greeley,8,CO,338f0b51-cf71-4278-ac7f-d623ec5092d7,15985,2/19/2017,-3,2017,1,2,Feb,7,19
Weld,8123,Greeley,8,CO,338f0b51-cf71-4278-ac7f-d623ec5092d7,16229,2/26/2017,-3,2017,1,2,Feb,8,26
Garfield,8045,Glenwood Springs,8,CO,48ef33b1-b9eb-4eb4-a321-9d3b1f6dbb20,15410,2/4/2017,1,2017,1,2,Feb,5,4
El Paso,8041,Peyton,8,CO,32dc581e-d975-409a-a904-c584ddc538c9,15456,2/5/2017,-1,2017,1,2,Feb,5,5
El Paso,8041,Peyton,8,CO,32dc581e-d975-409a-a904-c584ddc538c9,15973,2/19/2017,-1,2017,1,2,Feb,7,19
Weld,8123,Kersey,8,CO,7bfade50-5dce-4274-8680-032e402fcc82,15428,2/4/2017,0,2017,1,2,Feb,5,4
Weld,8123,Kersey,8,CO,7bfade50-5dce-4274-8680-032e402fcc82,15655,2/11/2017,-1,2017,1,2,Feb,6,11
Weld,8123,Kersey,8,CO,7bfade50-5dce-4274-8680-032e402fcc82,15886,2/18/2017,-1,2017,1,2,Feb,7,18
Weld,8123,Kersey,8,CO,7bfade50-5dce-4274-8680-032e402fcc82,16130,2/25/2017,-1,2017,1,2,Feb,8,25
Eagle,8037,Vail,8,CO,64596176-5f0a-45a1-af19-1fb7049e3803,15705,2/12/2017,0,2017,1,2,Feb,6,12
Eagle,8037,Vail,8,CO,64596176-5f0a-45a1-af19-1fb7049e3803,15936,2/19/2017,0,2017,1,2,Feb,7,19
Eagle,8037,Vail,8,CO,64596176-5f0a-45a1-af19-1fb7049e3803,16184,2/26/2017,0,2017,1,2,Feb,8,26
Boulder,8013,Nederland,8,CO,2802349d-ccbb-41bb-94c9-c1bc24b3e7b1,15435,2/4/2017,1,2017,1,2,Feb,5,4
Boulder,8013,Nederland,8,CO,2802349d-ccbb-41bb-94c9-c1bc24b3e7b1,15746,2/12/2017,1,2017,1,2,Feb,6,12
Boulder,8013,Nederland,8,CO,2802349d-ccbb-41bb-94c9-c1bc24b3e7b1,15879,2/18/2017,0,2017,1,2,Feb,7,18
Boulder,8013,Nederland,8,CO,2802349d-ccbb-41bb-94c9-c1bc24b3e7b1,16267,2/27/2017,0,2017,1,2,Feb,9,27
Weld,8123,Fort Lupton,8,CO,0ba88e82-b1ec-43bc-93e6-67094df6ce3a,15813,2/14/2017,-2,2017,1,2,Feb,7,14
Adams,8001,Thornton,8,CO,98e4e56a-b927-4c32-94dc-cec3b8a4f684,16774,3/18/2017,-2,2017,1,3,Mar,11,18
Washington,8121,cope,8,CO,faa0447d-0379-46df-8cdd-60a7841a0201,16345,3/4/2017,-3,2017,1,3,Mar,9,4
Washington,8121,cope,8,CO,faa0447d-0379-46df-8cdd-60a7841a0201,16535,3/10/2017,-3,2017,1,3,Mar,10,10
Washington,8121,cope,8,CO,faa0447d-0379-46df-8cdd-60a7841a0201,16762,3/18/2017,-3,2017,1,3,Mar,11,18
Larimer,8069,Fort Collins,8,CO,4a9d3b19-e6a1-4788-9c5c-3ab8732fd50f,16784,3/18/2017,-3,2017,1,3,Mar,11,18
Larimer,8069,Fort Collins,8,CO,4a9d3b19-e6a1-4788-9c5c-3ab8732fd50f,17081,3/26/2017,-2,2017,1,3,Mar,12,26
Pueblo,8101,Pueblo West,8,CO,7471e7f4-151b-4187-8376-af71c0de3252,16468,3/6/2017,-2,2017,1,3,Mar,10,6
Mesa,8077,DeBeque,8,CO,753b859d-257d-48c6-b478-e0557a2c4b8d,17147,3/27/2017,-2,2017,1,3,Mar,13,27
Pueblo,8101,Rye,8,CO,64ea6bd3-90a8-4766-9873-2236e4d58218,17140,3/27/2017,2,2017,1,3,Mar,13,27
Larimer,8069,Fort Collins,8,CO,aa6475c2-8a4b-4c4b-877c-c35733eb7b9b,16519,3/8/2017,-2,2017,1,3,Mar,10,8
Larimer,8069,Fort Collins,8,CO,aa6475c2-8a4b-4c4b-877c-c35733eb7b9b,16778,3/18/2017,-2,2017,1,3,Mar,11,18
Gunnison,8051,Crested Butte,8,CO,0711cf29-9a79-47b9-bd8e-cf89377b2ec6,16340,3/4/2017,3,2017,1,3,Mar,9,4
Douglas,8035,Highlands Ranch,8,CO,443f7ab4-a2ba-4b32-9ae1-7f09c72a5531,16571,3/11/2017,-2,2017,1,3,Mar,10,11
Douglas,8035,Highlands Ranch,8,CO,443f7ab4-a2ba-4b32-9ae1-7f09c72a5531,16766,3/18/2017,-2,2017,1,3,Mar,11,18
Douglas,8035,Highlands Ranch,8,CO,443f7ab4-a2ba-4b32-9ae1-7f09c72a5531,17155,3/28/2017,-2,2017,1,3,Mar,13,28
Larimer,8069,Fort Collins,8,CO,d43537ea-fe33-4deb-b6a5-9aedbb2d306d,16577,3/11/2017,-2,2017,1,3,Mar,10,11
Grand,8049,Parshall,8,CO,c83fc76c-86d4-40a2-89d8-45a4c95232c0,16494,3/6/2017,0,2017,1,3,Mar,10,6
Grand,8049,Parshall,8,CO,c83fc76c-86d4-40a2-89d8-45a4c95232c0,16702,3/13/2017,-1,2017,1,3,Mar,11,13
Grand,8049,Parshall,8,CO,c83fc76c-86d4-40a2-89d8-45a4c95232c0,16888,3/20/2017,-1,2017,1,3,Mar,12,20
Weld,8123,Greeley,8,CO,743652db-2d6f-4d32-a90f-2b81176203ae,16374,3/5/2017,-1,2017,1,3,Mar,9,5
Weld,8123,Greeley,8,CO,743652db-2d6f-4d32-a90f-2b81176203ae,16602,3/12/2017,-3,2017,1,3,Mar,10,12
Weld,8123,Greeley,8,CO,743652db-2d6f-4d32-a90f-2b81176203ae,16882,3/20/2017,-3,2017,1,3,Mar,12,20
Weld,8123,Greeley,8,CO,743652db-2d6f-4d32-a90f-2b81176203ae,17021,3/26/2017,-3,2017,1,3,Mar,12,26
Mesa,8077,Grand Junction,8,CO,ed5346f0-6cad-48ac-bcd9-fae6155cdf58,16642,3/12/2017,0,2017,1,3,Mar,10,12
Mesa,8077,Grand Junction,8,CO,ed5346f0-6cad-48ac-bcd9-fae6155cdf58,16736,3/17/2017,-2,2017,1,3,Mar,11,17
Mesa,8077,Grand Junction,8,CO,ed5346f0-6cad-48ac-bcd9-fae6155cdf58,16755,3/18/2017,-2,2017,1,3,Mar,11,18
Douglas,8035,Franktown,8,CO,f832164d-eccc-4926-a45d-5b0177c667e3,16367,3/4/2017,-2,2017,1,3,Mar,9,4
Douglas,8035,Franktown,8,CO,f832164d-eccc-4926-a45d-5b0177c667e3,16860,3/19/2017,-2,2017,1,3,Mar,11,19
La Plata,8067,Hesperus,8,CO,f3ee371f-67fe-4a4e-bfb9-4ef0edf33e6d,16422,3/5/2017,2,2017,1,3,Mar,9,5
La Plata,8067,Hesperus,8,CO,f3ee371f-67fe-4a4e-bfb9-4ef0edf33e6d,16833,3/19/2017,0,2017,1,3,Mar,11,19
Kiowa,8061,Eads,8,CO,bf9fbfc5-2d38-468a-9cf8-2a7704dc1da4,16484,3/6/2017,-2,2017,1,3,Mar,10,6
Rio Grande,8105,Monte Vista,8,CO,62a50a13-b486-425d-bb45-f686fddcdd70,16916,3/21/2017,-3,2017,1,3,Mar,12,21
Larimer,8069,Fort Collins,8,CO,c512a3a7-6713-4785-81b2-daca59977b8d,16439,3/5/2017,-1,2017,1,3,Mar,9,5
Larimer,8069,Fort Collins,8,CO,c512a3a7-6713-4785-81b2-daca59977b8d,16565,3/11/2017,-1,2017,1,3,Mar,10,11
Larimer,8069,Fort Collins,8,CO,c512a3a7-6713-4785-81b2-daca59977b8d,16758,3/18/2017,-2,2017,1,3,Mar,11,18
Weld,8123,Greeley,8,CO,338f0b51-cf71-4278-ac7f-d623ec5092d7,16406,3/5/2017,0,2017,1,3,Mar,9,5
Weld,8123,Greeley,8,CO,338f0b51-cf71-4278-ac7f-d623ec5092d7,16668,3/12/2017,-3,2017,1,3,Mar,10,12
Weld,8123,Greeley,8,CO,338f0b51-cf71-4278-ac7f-d623ec5092d7,16856,3/19/2017,-3,2017,1,3,Mar,11,19
Weld,8123,Greeley,8,CO,338f0b51-cf71-4278-ac7f-d623ec5092d7,17099,3/26/2017,-3,2017,1,3,Mar,12,26
Weld,8123,Kersey,8,CO,7bfade50-5dce-4274-8680-032e402fcc82,16359,3/4/2017,-1,2017,1,3,Mar,9,4
Weld,8123,Kersey,8,CO,7bfade50-5dce-4274-8680-032e402fcc82,16584,3/11/2017,-1,2017,1,3,Mar,10,11
Weld,8123,Kersey,8,CO,7bfade50-5dce-4274-8680-032e402fcc82,16775,3/18/2017,-1,2017,1,3,Mar,11,18
Weld,8123,Kersey,8,CO,7bfade50-5dce-4274-8680-032e402fcc82,16984,3/25/2017,-1,2017,1,3,Mar,12,25
Eagle,8037,Vail,8,CO,64596176-5f0a-45a1-af19-1fb7049e3803,16403,3/5/2017,0,2017,1,3,Mar,9,5
Eagle,8037,Vail,8,CO,64596176-5f0a-45a1-af19-1fb7049e3803,16814,3/19/2017,-1,2017,1,3,Mar,11,19
Eagle,8037,Vail,8,CO,64596176-5f0a-45a1-af19-1fb7049e3803,17125,3/27/2017,-2,2017,1,3,Mar,13,27
Weld,8123,NewRaymer,8,CO,c8796818-0007-4140-a442-ee9337df151b,16495,3/6/2017,-3,2017,1,3,Mar,10,6
Boulder,8013,Nederland,8,CO,2802349d-ccbb-41bb-94c9-c1bc24b3e7b1,16691,3/13/2017,0,2017,1,3,Mar,11,13
Boulder,8013,Nederland,8,CO,2802349d-ccbb-41bb-94c9-c1bc24b3e7b1,16852,3/19/2017,-1,2017,1,3,Mar,11,19
Boulder,8013,Nederland,8,CO,2802349d-ccbb-41bb-94c9-c1bc24b3e7b1,17136,3/27/2017,-1,2017,1,3,Mar,13,27
Larimer,8069,Drake,8,CO,111f51ef-531c-4d06-938a-7321bbef0ee8,16448,3/5/2017,-1,2017,1,3,Mar,9,5
Larimer,8069,Drake,8,CO,111f51ef-531c-4d06-938a-7321bbef0ee8,17084,3/26/2017,-1,2017,1,3,Mar,12,26
Jefferson,8059,Westminster,8,CO,6cd73eb4-292d-4718-9f0e-9dfa956a2b0f,16699,3/13/2017,-2,2017,1,3,Mar,11,13
Jefferson,8059,Westminster,8,CO,6cd73eb4-292d-4718-9f0e-9dfa956a2b0f,16890,3/20/2017,-2,2017,1,3,Mar,12,20
Garfield,8045,Glenwood Springs,8,CO,e38b4819-4d1e-48c6-9840-4f2b9e03b24e,17181,3/30/2017,-2,2017,1,3,Mar,13,30
Washington,8121,cope,8,CO,faa0447d-0379-46df-8cdd-60a7841a0201,17681,4/15/2017,-2,2017,2,4,Apr,15,15
Larimer,8069,Fort Collins,8,CO,4a9d3b19-e6a1-4788-9c5c-3ab8732fd50f,17373,4/3/2017,-2,2017,2,4,Apr,14,3
Larimer,8069,Fort Collins,8,CO,4a9d3b19-e6a1-4788-9c5c-3ab8732fd50f,17908,4/22/2017,-1,2017,2,4,Apr,16,22
Mesa,8077,DeBeque,8,CO,753b859d-257d-48c6-b478-e0557a2c4b8d,17635,4/13/2017,-2,2017,2,4,Apr,15,13
Douglas,8035,Highlands Ranch,8,CO,443f7ab4-a2ba-4b32-9ae1-7f09c72a5531,17221,4/1/2017,1,2017,2,4,Apr,13,1
Douglas,8035,Highlands Ranch,8,CO,443f7ab4-a2ba-4b32-9ae1-7f09c72a5531,17459,4/8/2017,0,2017,2,4,Apr,14,8
Douglas,8035,Highlands Ranch,8,CO,443f7ab4-a2ba-4b32-9ae1-7f09c72a5531,17686,4/15/2017,-2,2017,2,4,Apr,15,15
Douglas,8035,Highlands Ranch,8,CO,443f7ab4-a2ba-4b32-9ae1-7f09c72a5531,17895,4/22/2017,-2,2017,2,4,Apr,16,22
Larimer,8069,Fort Collins,8,CO,d43537ea-fe33-4deb-b6a5-9aedbb2d306d,17740,4/16/2017,-2,2017,2,4,Apr,15,16
Larimer,8069,Fort Collins,8,CO,d43537ea-fe33-4deb-b6a5-9aedbb2d306d,18125,4/29/2017,-1,2017,2,4,Apr,17,29
Grand,8049,Parshall,8,CO,c83fc76c-86d4-40a2-89d8-45a4c95232c0,17358,4/3/2017,-2,2017,2,4,Apr,14,3
Grand,8049,Parshall,8,CO,c83fc76c-86d4-40a2-89d8-45a4c95232c0,17608,4/11/2017,-2,2017,2,4,Apr,15,11
Grand,8049,Parshall,8,CO,c83fc76c-86d4-40a2-89d8-45a4c95232c0,17770,4/16/2017,-2,2017,2,4,Apr,15,16
Grand,8049,Parshall,8,CO,c83fc76c-86d4-40a2-89d8-45a4c95232c0,18024,4/24/2017,-1,2017,2,4,Apr,17,24
Grand,8049,Parshall,8,CO,c83fc76c-86d4-40a2-89d8-45a4c95232c0,18208,4/30/2017,0,2017,2,4,Apr,17,30
Weld,8123,Greeley,8,CO,743652db-2d6f-4d32-a90f-2b81176203ae,17252,4/2/2017,-3,2017,2,4,Apr,13,2
Weld,8123,Greeley,8,CO,743652db-2d6f-4d32-a90f-2b81176203ae,17490,4/9/2017,-3,2017,2,4,Apr,14,9
Weld,8123,Greeley,8,CO,743652db-2d6f-4d32-a90f-2b81176203ae,17711,4/16/2017,-3,2017,2,4,Apr,15,16
Weld,8123,Greeley,8,CO,743652db-2d6f-4d32-a90f-2b81176203ae,17924,4/23/2017,-1,2017,2,4,Apr,16,23
Weld,8123,Greeley,8,CO,743652db-2d6f-4d32-a90f-2b81176203ae,18179,4/30/2017,1,2017,2,4,Apr,17,30
La Plata,8067,Hesperus,8,CO,f3ee371f-67fe-4a4e-bfb9-4ef0edf33e6d,17542,4/9/2017,0,2017,2,4,Apr,14,9
Larimer,8069,Fort Collins,8,CO,c512a3a7-6713-4785-81b2-daca59977b8d,17229,4/1/2017,-1,2017,2,4,Apr,13,1
Larimer,8069,Fort Collins,8,CO,c512a3a7-6713-4785-81b2-daca59977b8d,17467,4/8/2017,-1,2017,2,4,Apr,14,8
Larimer,8069,Fort Collins,8,CO,c512a3a7-6713-4785-81b2-daca59977b8d,17896,4/22/2017,-2,2017,2,4,Apr,16,22
Weld,8123,Greeley,8,CO,338f0b51-cf71-4278-ac7f-d623ec5092d7,17532,4/9/2017,-1,2017,2,4,Apr,14,9
Weld,8123,Greeley,8,CO,338f0b51-cf71-4278-ac7f-d623ec5092d7,17776,4/16/2017,-3,2017,2,4,Apr,15,16
Weld,8123,Greeley,8,CO,338f0b51-cf71-4278-ac7f-d623ec5092d7,17987,4/23/2017,-1,2017,2,4,Apr,16,23
Weld,8123,Greeley,8,CO,338f0b51-cf71-4278-ac7f-d623ec5092d7,18223,4/30/2017,0,2017,2,4,Apr,17,30
Weld,8123,Kersey,8,CO,7bfade50-5dce-4274-8680-032e402fcc82,17234,4/1/2017,0,2017,2,4,Apr,13,1
Weld,8123,Kersey,8,CO,7bfade50-5dce-4274-8680-032e402fcc82,17538,4/9/2017,-1,2017,2,4,Apr,14,9
Weld,8123,Kersey,8,CO,7bfade50-5dce-4274-8680-032e402fcc82,17696,4/15/2017,-1,2017,2,4,Apr,15,15
Weld,8123,Kersey,8,CO,7bfade50-5dce-4274-8680-032e402fcc82,17905,4/22/2017,0,2017,2,4,Apr,16,22
Weld,8123,Kersey,8,CO,7bfade50-5dce-4274-8680-032e402fcc82,18137,4/29/2017,0,2017,2,4,Apr,17,29
Eagle,8037,Vail,8,CO,64596176-5f0a-45a1-af19-1fb7049e3803,17274,4/2/2017,-2,2017,2,4,Apr,13,2
Eagle,8037,Vail,8,CO,64596176-5f0a-45a1-af19-1fb7049e3803,17524,4/9/2017,-1,2017,2,4,Apr,14,9
Eagle,8037,Vail,8,CO,64596176-5f0a-45a1-af19-1fb7049e3803,17952,4/23/2017,-1,2017,2,4,Apr,16,23
Weld,8123,NewRaymer,8,CO,c8796818-0007-4140-a442-ee9337df151b,18201,4/30/2017,-3,2017,2,4,Apr,17,30
Boulder,8013,Nederland,8,CO,2802349d-ccbb-41bb-94c9-c1bc24b3e7b1,17292,4/2/2017,0,2017,2,4,Apr,13,2
Boulder,8013,Nederland,8,CO,2802349d-ccbb-41bb-94c9-c1bc24b3e7b1,17469,4/8/2017,0,2017,2,4,Apr,14,8
Boulder,8013,Nederland,8,CO,2802349d-ccbb-41bb-94c9-c1bc24b3e7b1,17698,4/15/2017,0,2017,2,4,Apr,15,15
Washington,8121,Akron,8,CO,8750164b-9ca1-4e08-a2bd-1693205e3ba8,18623,5/13/2017,0,2017,2,5,May,19,13
Larimer,8069,Fort Collins,8,CO,4a9d3b19-e6a1-4788-9c5c-3ab8732fd50f,18278,5/2/2017,0,2017,2,5,May,18,2
Larimer,8069,Fort Collins,8,CO,4a9d3b19-e6a1-4788-9c5c-3ab8732fd50f,18422,5/7/2017,-1,2017,2,5,May,18,7
Larimer,8069,Fort Collins,8,CO,4a9d3b19-e6a1-4788-9c5c-3ab8732fd50f,18673,5/13/2017,0,2017,2,5,May,19,13
Larimer,8069,Fort Collins,8,CO,4a9d3b19-e6a1-4788-9c5c-3ab8732fd50f,19069,5/20/2017,2,2017,2,5,May,20,20
Larimer,8069,Fort Collins,8,CO,4a9d3b19-e6a1-4788-9c5c-3ab8732fd50f,19470,5/29/2017,1,2017,2,5,May,22,29
Mesa,8077,DeBeque,8,CO,753b859d-257d-48c6-b478-e0557a2c4b8d,18343,5/6/2017,-2,2017,2,5,May,18,6
Pueblo,8101,Rye,8,CO,64ea6bd3-90a8-4766-9873-2236e4d58218,19236,5/23/2017,2,2017,2,5,May,21,23
Otero,8089,La Junta,8,CO,4034a193-3569-4525-ba18-5d3551d24706,18626,5/13/2017,2,2017,2,5,May,19,13
Jefferson,8059,Conifer,8,CO,cde1672d-aca2-4110-bb71-77904aa2a15f,18352,5/6/2017,2,2017,2,5,May,18,6
Elbert,8039,Parker,8,CO,c0fa5f20-c0a2-4477-b8db-e8004ccc2538,18946,5/17/2017,-2,2017,2,5,May,20,17
Douglas,8035,Highlands Ranch,8,CO,443f7ab4-a2ba-4b32-9ae1-7f09c72a5531,18247,5/1/2017,1,2017,2,5,May,18,1
Douglas,8035,Highlands Ranch,8,CO,443f7ab4-a2ba-4b32-9ae1-7f09c72a5531,18340,5/6/2017,-1,2017,2,5,May,18,6
Douglas,8035,Highlands Ranch,8,CO,443f7ab4-a2ba-4b32-9ae1-7f09c72a5531,18615,5/13/2017,0,2017,2,5,May,19,13
Douglas,8035,Highlands Ranch,8,CO,443f7ab4-a2ba-4b32-9ae1-7f09c72a5531,19059,5/20/2017,1,2017,2,5,May,20,20
Douglas,8035,Highlands Ranch,8,CO,443f7ab4-a2ba-4b32-9ae1-7f09c72a5531,19316,5/27/2017,0,2017,2,5,May,21,27
Larimer,8069,Fort Collins,8,CO,d43537ea-fe33-4deb-b6a5-9aedbb2d306d,19319,5/27/2017,0,2017,2,5,May,21,27
Grand,8049,Parshall,8,CO,c83fc76c-86d4-40a2-89d8-45a4c95232c0,18447,5/7/2017,0,2017,2,5,May,18,7
Grand,8049,Parshall,8,CO,c83fc76c-86d4-40a2-89d8-45a4c95232c0,18852,5/15/2017,0,2017,2,5,May,20,15
Grand,8049,Parshall,8,CO,c83fc76c-86d4-40a2-89d8-45a4c95232c0,19200,5/22/2017,2,2017,2,5,May,21,22
Grand,8049,Parshall,8,CO,c83fc76c-86d4-40a2-89d8-45a4c95232c0,19490,5/30/2017,1,2017,2,5,May,22,30
Weld,8123,Greeley,8,CO,743652db-2d6f-4d32-a90f-2b81176203ae,18387,5/7/2017,0,2017,2,5,May,18,7
Weld,8123,Greeley,8,CO,743652db-2d6f-4d32-a90f-2b81176203ae,18727,5/14/2017,0,2017,2,5,May,19,14
Weld,8123,Greeley,8,CO,743652db-2d6f-4d32-a90f-2b81176203ae,19091,5/21/2017,2,2017,2,5,May,20,21
Weld,8123,Greeley,8,CO,743652db-2d6f-4d32-a90f-2b81176203ae,19389,5/28/2017,1,2017,2,5,May,21,28
Larimer,8069,Fort Collins,8,CO,c512a3a7-6713-4785-81b2-daca59977b8d,18362,5/6/2017,-1,2017,2,5,May,18,6
Larimer,8069,Fort Collins,8,CO,c512a3a7-6713-4785-81b2-daca59977b8d,18612,5/13/2017,-1,2017,2,5,May,19,13
Larimer,8069,Fort Collins,8,CO,c512a3a7-6713-4785-81b2-daca59977b8d,19188,5/22/2017,0,2017,2,5,May,21,22
Larimer,8069,Fort Collins,8,CO,c512a3a7-6713-4785-81b2-daca59977b8d,19504,5/30/2017,0,2017,2,5,May,22,30
Weld,8123,Greeley,8,CO,338f0b51-cf71-4278-ac7f-d623ec5092d7,18456,5/7/2017,0,2017,2,5,May,18,7
Weld,8123,Greeley,8,CO,338f0b51-cf71-4278-ac7f-d623ec5092d7,18810,5/14/2017,0,2017,2,5,May,19,14
Weld,8123,Greeley,8,CO,338f0b51-cf71-4278-ac7f-d623ec5092d7,19171,5/21/2017,2,2017,2,5,May,20,21
Weld,8123,Greeley,8,CO,338f0b51-cf71-4278-ac7f-d623ec5092d7,19426,5/28/2017,0,2017,2,5,May,21,28
Larimer,8069,LIVERMORE,8,CO,07710f2f-4435-411c-8a42-7f51e33b8fae,19021,5/19/2017,3,2017,2,5,May,20,19
Elbert,8039,Elbert,8,CO,ab40f47f-adb9-41dc-8052-14e3289a61bd,19206,5/22/2017,1,2017,2,5,May,21,22
Weld,8123,Kersey,8,CO,7bfade50-5dce-4274-8680-032e402fcc82,18351,5/6/2017,-1,2017,2,5,May,18,6
Weld,8123,Kersey,8,CO,7bfade50-5dce-4274-8680-032e402fcc82,18649,5/13/2017,-1,2017,2,5,May,19,13
Weld,8123,Kersey,8,CO,7bfade50-5dce-4274-8680-032e402fcc82,19067,5/20/2017,0,2017,2,5,May,20,20
Weld,8123,Kersey,8,CO,7bfade50-5dce-4274-8680-032e402fcc82,19495,5/30/2017,0,2017,2,5,May,22,30
Eagle,8037,Vail,8,CO,64596176-5f0a-45a1-af19-1fb7049e3803,18414,5/7/2017,-1,2017,2,5,May,18,7
Eagle,8037,Vail,8,CO,64596176-5f0a-45a1-af19-1fb7049e3803,18745,5/14/2017,-1,2017,2,5,May,19,14
Larimer,8069,Fort Collins,8,CO,0c9ce279-0e49-44c1-9abb-9ca168f226c5,18897,5/16/2017,0,2017,2,5,May,20,16
Boulder,8013,Nederland,8,CO,2802349d-ccbb-41bb-94c9-c1bc24b3e7b1,18506,5/8/2017,0,2017,2,5,May,19,8
Boulder,8013,Nederland,8,CO,2802349d-ccbb-41bb-94c9-c1bc24b3e7b1,18650,5/13/2017,0,2017,2,5,May,19,13
Boulder,8013,Nederland,8,CO,2802349d-ccbb-41bb-94c9-c1bc24b3e7b1,19233,5/23/2017,0,2017,2,5,May,21,23
El Paso,8041,Peyton,8,CO,0c0c892e-5be0-40e8-a292-f44a8d126267,18421,5/7/2017,-1,2017,2,5,May,18,7
El Paso,8041,Peyton,8,CO,0c0c892e-5be0-40e8-a292-f44a8d126267,18865,5/15/2017,-1,2017,2,5,May,20,15
El Paso,8041,Peyton,8,CO,0c0c892e-5be0-40e8-a292-f44a8d126267,19208,5/22/2017,0,2017,2,5,May,21,22
Arapahoe,8005,Watkins,8,CO,988b27da-92ec-4504-bc28-bd1b388a33e2,18527,5/10/2017,0,2017,2,5,May,19,10
Clear Creek,8019,Evergreen,8,CO,4f09edf7-2863-4e32-8a56-6666bb96655c,18975,5/18/2017,3,2017,2,5,May,20,18
Saguache,8109,Villa Grove,8,CO,ef47879d-a35a-41b4-af24-a7dec7c523c0,19017,5/19/2017,2,2017,2,5,May,20,19
Mesa,8077,DeBeque,8,CO,753b859d-257d-48c6-b478-e0557a2c4b8d,20516,6/29/2017,-3,2017,2,6,Jun,26,29
Otero,8089,La Junta,8,CO,4034a193-3569-4525-ba18-5d3551d24706,20161,6/18/2017,1,2017,2,6,Jun,24,18
Jefferson,8059,Conifer,8,CO,cde1672d-aca2-4110-bb71-77904aa2a15f,19540,6/2/2017,0,2017,2,6,Jun,22,2
Lake,8065,Leadville,8,CO,cfc2f25d-21d6-418d-a73f-9224398af40f,20165,6/18/2017,-2,2017,2,6,Jun,24,18
Douglas,8035,Highlands Ranch,8,CO,443f7ab4-a2ba-4b32-9ae1-7f09c72a5531,19844,6/10/2017,-1,2017,2,6,Jun,23,10
Douglas,8035,Highlands Ranch,8,CO,443f7ab4-a2ba-4b32-9ae1-7f09c72a5531,20095,6/17/2017,-2,2017,2,6,Jun,24,17
Douglas,8035,Highlands Ranch,8,CO,443f7ab4-a2ba-4b32-9ae1-7f09c72a5531,20342,6/24/2017,-1,2017,2,6,Jun,25,24
Larimer,8069,Fort Collins,8,CO,d43537ea-fe33-4deb-b6a5-9aedbb2d306d,20527,6/30/2017,-1,2017,2,6,Jun,26,30
Grand,8049,Parshall,8,CO,c83fc76c-86d4-40a2-89d8-45a4c95232c0,19988,6/12/2017,-1,2017,2,6,Jun,24,12
Grand,8049,Parshall,8,CO,c83fc76c-86d4-40a2-89d8-45a4c95232c0,20170,6/18/2017,-2,2017,2,6,Jun,24,18
Grand,8049,Parshall,8,CO,c83fc76c-86d4-40a2-89d8-45a4c95232c0,20448,6/25/2017,-2,2017,2,6,Jun,25,25
Weld,8123,Greeley,8,CO,743652db-2d6f-4d32-a90f-2b81176203ae,19635,6/4/2017,0,2017,2,6,Jun,22,4
Weld,8123,Greeley,8,CO,743652db-2d6f-4d32-a90f-2b81176203ae,19900,6/11/2017,-1,2017,2,6,Jun,23,11
Weld,8123,Greeley,8,CO,743652db-2d6f-4d32-a90f-2b81176203ae,20167,6/18/2017,-1,2017,2,6,Jun,24,18
Weld,8123,Greeley,8,CO,743652db-2d6f-4d32-a90f-2b81176203ae,20386,6/25/2017,-1,2017,2,6,Jun,25,25
La Plata,8067,Hesperus,8,CO,f3ee371f-67fe-4a4e-bfb9-4ef0edf33e6d,20190,6/18/2017,-1,2017,2,6,Jun,24,18
Larimer,8069,Fort Collins,8,CO,c512a3a7-6713-4785-81b2-daca59977b8d,19608,6/3/2017,0,2017,2,6,Jun,22,3
Larimer,8069,Fort Collins,8,CO,c512a3a7-6713-4785-81b2-daca59977b8d,20238,6/19/2017,0,2017,2,6,Jun,25,19
Larimer,8069,Fort Collins,8,CO,c512a3a7-6713-4785-81b2-daca59977b8d,20340,6/24/2017,-1,2017,2,6,Jun,25,24
Weld,8123,Greeley,8,CO,338f0b51-cf71-4278-ac7f-d623ec5092d7,19703,6/4/2017,-1,2017,2,6,Jun,22,4
Weld,8123,Greeley,8,CO,338f0b51-cf71-4278-ac7f-d623ec5092d7,19943,6/11/2017,-2,2017,2,6,Jun,23,11
Weld,8123,Greeley,8,CO,338f0b51-cf71-4278-ac7f-d623ec5092d7,20213,6/18/2017,-2,2017,2,6,Jun,24,18
Weld,8123,Greeley,8,CO,338f0b51-cf71-4278-ac7f-d623ec5092d7,20461,6/25/2017,-2,2017,2,6,Jun,25,25
Douglas,8035,Sedalia,8,CO,70cb04af-5955-47ac-9921-01e51a6cc925,20064,6/16/2017,-1,2017,2,6,Jun,24,16
Phillips,8095,Holyoke,8,CO,a144121a-78d2-4dd4-abdb-40778b308843,20307,6/23/2017,-2,2017,2,6,Jun,25,23
Weld,8123,Kersey,8,CO,7bfade50-5dce-4274-8680-032e402fcc82,19588,6/3/2017,0,2017,2,6,Jun,22,3
Weld,8123,Kersey,8,CO,7bfade50-5dce-4274-8680-032e402fcc82,19850,6/10/2017,0,2017,2,6,Jun,23,10
Weld,8123,Kersey,8,CO,7bfade50-5dce-4274-8680-032e402fcc82,20105,6/17/2017,-1,2017,2,6,Jun,24,17
Weld,8123,Kersey,8,CO,7bfade50-5dce-4274-8680-032e402fcc82,20353,6/24/2017,-1,2017,2,6,Jun,25,24
Boulder,8013,Nederland,8,CO,2802349d-ccbb-41bb-94c9-c1bc24b3e7b1,20256,6/19/2017,2,2017,2,6,Jun,25,19
Boulder,8013,Nederland,8,CO,2802349d-ccbb-41bb-94c9-c1bc24b3e7b1,20424,6/25/2017,2,2017,2,6,Jun,25,25
Weld,8123,Fort Lupton,8,CO,0ba88e82-b1ec-43bc-93e6-67094df6ce3a,20030,6/13/2017,-2,2017,2,6,Jun,24,13
Larimer,8069,Drake,8,CO,111f51ef-531c-4d06-938a-7321bbef0ee8,19847,6/10/2017,-1,2017,2,6,Jun,23,10
El Paso,8041,Peyton,8,CO,0c0c892e-5be0-40e8-a292-f44a8d126267,19796,6/8/2017,-1,2017,2,6,Jun,23,8
El Paso,8041,Peyton,8,CO,0c0c892e-5be0-40e8-a292-f44a8d126267,19984,6/12/2017,-1,2017,2,6,Jun,24,12
El Paso,8041,Peyton,8,CO,0c0c892e-5be0-40e8-a292-f44a8d126267,20271,6/20/2017,-2,2017,2,6,Jun,25,20
El Paso,8041,Peyton,8,CO,0c0c892e-5be0-40e8-a292-f44a8d126267,20486,6/26/2017,-2,2017,2,6,Jun,26,26
Adams,8001,Thornton,8,CO,98e4e56a-b927-4c32-94dc-cec3b8a4f684,20714,7/4/2017,-2,2017,3,7,Jul,27,4
Adams,8001,Thornton,8,CO,98e4e56a-b927-4c32-94dc-cec3b8a4f684,21358,7/24/2017,-2,2017,3,7,Jul,30,24
Washington,8121,cope,8,CO,faa0447d-0379-46df-8cdd-60a7841a0201,21020,7/15/2017,-2,2017,3,7,Jul,28,15
Washington,8121,cope,8,CO,faa0447d-0379-46df-8cdd-60a7841a0201,21191,7/21/2017,-2,2017,3,7,Jul,29,21
Mesa,8077,DeBeque,8,CO,753b859d-257d-48c6-b478-e0557a2c4b8d,20942,7/11/2017,-3,2017,3,7,Jul,28,11
Mesa,8077,DeBeque,8,CO,753b859d-257d-48c6-b478-e0557a2c4b8d,21430,7/29/2017,-1,2017,3,7,Jul,30,29
Pueblo,8101,Rye,8,CO,64ea6bd3-90a8-4766-9873-2236e4d58218,21165,7/18/2017,-1,2017,3,7,Jul,29,18
Douglas,8035,Highlands Ranch,8,CO,443f7ab4-a2ba-4b32-9ae1-7f09c72a5531,20561,7/1/2017,-1,2017,3,7,Jul,26,1
Douglas,8035,Highlands Ranch,8,CO,443f7ab4-a2ba-4b32-9ae1-7f09c72a5531,20795,7/8/2017,-2,2017,3,7,Jul,27,8
Douglas,8035,Highlands Ranch,8,CO,443f7ab4-a2ba-4b32-9ae1-7f09c72a5531,21013,7/15/2017,-2,2017,3,7,Jul,28,15
Douglas,8035,Highlands Ranch,8,CO,443f7ab4-a2ba-4b32-9ae1-7f09c72a5531,21223,7/22/2017,-2,2017,3,7,Jul,29,22
Douglas,8035,Highlands Ranch,8,CO,443f7ab4-a2ba-4b32-9ae1-7f09c72a5531,21432,7/29/2017,0,2017,3,7,Jul,30,29
Larimer,8069,Fort Collins,8,CO,d43537ea-fe33-4deb-b6a5-9aedbb2d306d,21547,7/31/2017,0,2017,3,7,Jul,31,31
Grand,8049,Parshall,8,CO,c83fc76c-86d4-40a2-89d8-45a4c95232c0,21225,7/22/2017,-2,2017,3,7,Jul,29,22
Grand,8049,Parshall,8,CO,c83fc76c-86d4-40a2-89d8-45a4c95232c0,21554,7/31/2017,-2,2017,3,7,Jul,31,31
Weld,8123,Greeley,8,CO,743652db-2d6f-4d32-a90f-2b81176203ae,20624,7/2/2017,-1,2017,3,7,Jul,26,2
Weld,8123,Greeley,8,CO,743652db-2d6f-4d32-a90f-2b81176203ae,20832,7/9/2017,-2,2017,3,7,Jul,27,9
Weld,8123,Greeley,8,CO,743652db-2d6f-4d32-a90f-2b81176203ae,21099,7/16/2017,-3,2017,3,7,Jul,28,16
Weld,8123,Greeley,8,CO,743652db-2d6f-4d32-a90f-2b81176203ae,21301,7/23/2017,-3,2017,3,7,Jul,29,23
Weld,8123,Greeley,8,CO,743652db-2d6f-4d32-a90f-2b81176203ae,21474,7/30/2017,-2,2017,3,7,Jul,30,30
La Plata,8067,Hesperus,8,CO,f3ee371f-67fe-4a4e-bfb9-4ef0edf33e6d,20652,7/2/2017,-3,2017,3,7,Jul,26,2
La Plata,8067,Hesperus,8,CO,f3ee371f-67fe-4a4e-bfb9-4ef0edf33e6d,21306,7/23/2017,-1,2017,3,7,Jul,29,23
La Plata,8067,Hesperus,8,CO,f3ee371f-67fe-4a4e-bfb9-4ef0edf33e6d,21506,7/30/2017,0,2017,3,7,Jul,30,30
Rio Grande,8105,Monte Vista,8,CO,62a50a13-b486-425d-bb45-f686fddcdd70,20947,7/11/2017,-3,2017,3,7,Jul,28,11
Rio Grande,8105,Monte Vista,8,CO,62a50a13-b486-425d-bb45-f686fddcdd70,21384,7/26/2017,-3,2017,3,7,Jul,30,26
Larimer,8069,Fort Collins,8,CO,c512a3a7-6713-4785-81b2-daca59977b8d,20628,7/2/2017,-1,2017,3,7,Jul,26,2
Larimer,8069,Fort Collins,8,CO,c512a3a7-6713-4785-81b2-daca59977b8d,21363,7/24/2017,-2,2017,3,7,Jul,30,24
Weld,8123,Greeley,8,CO,338f0b51-cf71-4278-ac7f-d623ec5092d7,20662,7/2/2017,-2,2017,3,7,Jul,26,2
Weld,8123,Greeley,8,CO,338f0b51-cf71-4278-ac7f-d623ec5092d7,20895,7/9/2017,-3,2017,3,7,Jul,27,9
Weld,8123,Greeley,8,CO,338f0b51-cf71-4278-ac7f-d623ec5092d7,21121,7/16/2017,-3,2017,3,7,Jul,28,16
Weld,8123,Greeley,8,CO,338f0b51-cf71-4278-ac7f-d623ec5092d7,21334,7/23/2017,-3,2017,3,7,Jul,29,23
Douglas,8035,Sedalia,8,CO,70cb04af-5955-47ac-9921-01e51a6cc925,20877,7/9/2017,-2,2017,3,7,Jul,27,9
Weld,8123,Kersey,8,CO,7bfade50-5dce-4274-8680-032e402fcc82,20572,7/1/2017,0,2017,3,7,Jul,26,1
Weld,8123,Kersey,8,CO,7bfade50-5dce-4274-8680-032e402fcc82,20802,7/8/2017,-1,2017,3,7,Jul,27,8
Weld,8123,Kersey,8,CO,7bfade50-5dce-4274-8680-032e402fcc82,21027,7/15/2017,-1,2017,3,7,Jul,28,15
Weld,8123,Kersey,8,CO,7bfade50-5dce-4274-8680-032e402fcc82,21234,7/22/2017,-1,2017,3,7,Jul,29,22
Weld,8123,Kersey,8,CO,7bfade50-5dce-4274-8680-032e402fcc82,21438,7/29/2017,-1,2017,3,7,Jul,30,29
Boulder,8013,Nederland,8,CO,2802349d-ccbb-41bb-94c9-c1bc24b3e7b1,20655,7/2/2017,1,2017,3,7,Jul,26,2
Boulder,8013,Nederland,8,CO,2802349d-ccbb-41bb-94c9-c1bc24b3e7b1,20871,7/9/2017,1,2017,3,7,Jul,27,9
Boulder,8013,Nederland,8,CO,2802349d-ccbb-41bb-94c9-c1bc24b3e7b1,21101,7/16/2017,0,2017,3,7,Jul,28,16
Boulder,8013,Nederland,8,CO,2802349d-ccbb-41bb-94c9-c1bc24b3e7b1,21230,7/22/2017,0,2017,3,7,Jul,29,22
Boulder,8013,Nederland,8,CO,2802349d-ccbb-41bb-94c9-c1bc24b3e7b1,21514,7/30/2017,0,2017,3,7,Jul,30,30
El Paso,8041,Peyton,8,CO,0c0c892e-5be0-40e8-a292-f44a8d126267,20693,7/3/2017,-2,2017,3,7,Jul,27,3
El Paso,8041,Peyton,8,CO,0c0c892e-5be0-40e8-a292-f44a8d126267,20922,7/10/2017,-1,2017,3,7,Jul,28,10
El Paso,8041,Peyton,8,CO,0c0c892e-5be0-40e8-a292-f44a8d126267,21150,7/17/2017,0,2017,3,7,Jul,29,17
El Paso,8041,Peyton,8,CO,0c0c892e-5be0-40e8-a292-f44a8d126267,21374,7/25/2017,0,2017,3,7,Jul,30,25
El Paso,8041,Peyton,8,CO,0c0c892e-5be0-40e8-a292-f44a8d126267,21553,7/31/2017,1,2017,3,7,Jul,31,31
Baca,8009,Springfield,8,CO,e4fdf2ff-949a-4562-badb-ed21bb920594,21524,7/30/2017,2,2017,3,7,Jul,30,30
Larimer,8069,Fort Collins,8,CO,50abf6df-af59-4691-8833-51b8f0f9d518,21661,8/5/2017,-1,2017,3,8,Aug,31,5
Adams,8001,Thornton,8,CO,98e4e56a-b927-4c32-94dc-cec3b8a4f684,22146,8/21/2017,-2,2017,3,8,Aug,34,21
Washington,8121,cope,8,CO,faa0447d-0379-46df-8cdd-60a7841a0201,21615,8/4/2017,-2,2017,3,8,Aug,31,4
Larimer,8069,Fort Collins,8,CO,4a9d3b19-e6a1-4788-9c5c-3ab8732fd50f,21673,8/5/2017,0,2017,3,8,Aug,31,5
Larimer,8069,Fort Collins,8,CO,4a9d3b19-e6a1-4788-9c5c-3ab8732fd50f,21914,8/13/2017,2,2017,3,8,Aug,32,13
Larimer,8069,Fort Collins,8,CO,4a9d3b19-e6a1-4788-9c5c-3ab8732fd50f,22096,8/20/2017,0,2017,3,8,Aug,33,20
Larimer,8069,Fort Collins,8,CO,4a9d3b19-e6a1-4788-9c5c-3ab8732fd50f,22360,8/29/2017,-1,2017,3,8,Aug,35,29
Douglas,8035,Highlands Ranch,8,CO,443f7ab4-a2ba-4b32-9ae1-7f09c72a5531,21653,8/5/2017,-2,2017,3,8,Aug,31,5
Douglas,8035,Highlands Ranch,8,CO,443f7ab4-a2ba-4b32-9ae1-7f09c72a5531,21851,8/12/2017,0,2017,3,8,Aug,32,12
Douglas,8035,Highlands Ranch,8,CO,443f7ab4-a2ba-4b32-9ae1-7f09c72a5531,22031,8/19/2017,0,2017,3,8,Aug,33,19
Grand,8049,Parshall,8,CO,c83fc76c-86d4-40a2-89d8-45a4c95232c0,21769,8/7/2017,-1,2017,3,8,Aug,32,7
Grand,8049,Parshall,8,CO,c83fc76c-86d4-40a2-89d8-45a4c95232c0,21962,8/14/2017,-1,2017,3,8,Aug,33,14
Grand,8049,Parshall,8,CO,c83fc76c-86d4-40a2-89d8-45a4c95232c0,22211,8/26/2017,-2,2017,3,8,Aug,34,26
Weld,8123,Greeley,8,CO,743652db-2d6f-4d32-a90f-2b81176203ae,21718,8/6/2017,-1,2017,3,8,Aug,31,6
Weld,8123,Greeley,8,CO,743652db-2d6f-4d32-a90f-2b81176203ae,21887,8/13/2017,1,2017,3,8,Aug,32,13
Weld,8123,Greeley,8,CO,743652db-2d6f-4d32-a90f-2b81176203ae,22058,8/20/2017,0,2017,3,8,Aug,33,20
Weld,8123,Greeley,8,CO,743652db-2d6f-4d32-a90f-2b81176203ae,22236,8/27/2017,-2,2017,3,8,Aug,34,27
Kit Carson,8063,Burlington,8,CO,f1d82480-14b7-42fe-a874-68adab41462a,21942,8/13/2017,2,2017,3,8,Aug,32,13
Larimer,8069,Fort Collins,8,CO,c512a3a7-6713-4785-81b2-daca59977b8d,21722,8/6/2017,-1,2017,3,8,Aug,31,6
Larimer,8069,Fort Collins,8,CO,c512a3a7-6713-4785-81b2-daca59977b8d,21842,8/12/2017,1,2017,3,8,Aug,32,12
Weld,8123,Kersey,8,CO,7bfade50-5dce-4274-8680-032e402fcc82,21654,8/5/2017,-1,2017,3,8,Aug,31,5
Weld,8123,Kersey,8,CO,7bfade50-5dce-4274-8680-032e402fcc82,21857,8/12/2017,0,2017,3,8,Aug,32,12
Weld,8123,Kersey,8,CO,7bfade50-5dce-4274-8680-032e402fcc82,22039,8/19/2017,0,2017,3,8,Aug,33,19
Weld,8123,Kersey,8,CO,7bfade50-5dce-4274-8680-032e402fcc82,22219,8/26/2017,0,2017,3,8,Aug,34,26
Boulder,8013,Nederland,8,CO,2802349d-ccbb-41bb-94c9-c1bc24b3e7b1,21666,8/5/2017,0,2017,3,8,Aug,31,5
Boulder,8013,Nederland,8,CO,2802349d-ccbb-41bb-94c9-c1bc24b3e7b1,21859,8/12/2017,0,2017,3,8,Aug,32,12
El Paso,8041,Peyton,8,CO,0c0c892e-5be0-40e8-a292-f44a8d126267,21795,8/8/2017,2,2017,3,8,Aug,32,8
El Paso,8041,Peyton,8,CO,0c0c892e-5be0-40e8-a292-f44a8d126267,21990,8/16/2017,0,2017,3,8,Aug,33,16
El Paso,8041,Peyton,8,CO,0c0c892e-5be0-40e8-a292-f44a8d126267,22161,8/22/2017,0,2017,3,8,Aug,34,22
El Paso,8041,Peyton,8,CO,0c0c892e-5be0-40e8-a292-f44a8d126267,22353,8/29/2017,0,2017,3,8,Aug,35,29
Gunnison,8051,Somerset,8,CO,07d786bc-bbff-4b62-8c9b-bfeee865aaeb,22559,9/6/2017,-2,2017,3,9,Sep,36,6
Gunnison,8051,Somerset,8,CO,07d786bc-bbff-4b62-8c9b-bfeee865aaeb,23039,9/12/2017,-2,2017,3,9,Sep,37,12
Gunnison,8051,Somerset,8,CO,07d786bc-bbff-4b62-8c9b-bfeee865aaeb,23569,9/20/2017,-2,2017,3,9,Sep,38,20
Adams,8001,Thornton,8,CO,98e4e56a-b927-4c32-94dc-cec3b8a4f684,22790,9/11/2017,-2,2017,3,9,Sep,37,11
Adams,8001,Thornton,8,CO,98e4e56a-b927-4c32-94dc-cec3b8a4f684,23512,9/18/2017,-2,2017,3,9,Sep,38,18
Washington,8121,Akron,8,CO,8750164b-9ca1-4e08-a2bd-1693205e3ba8,22417,9/2/2017,-3,2017,3,9,Sep,35,2
Washington,8121,cope,8,CO,faa0447d-0379-46df-8cdd-60a7841a0201,23238,9/15/2017,-2,2017,3,9,Sep,37,15
Washington,8121,cope,8,CO,faa0447d-0379-46df-8cdd-60a7841a0201,23615,9/22/2017,-2,2017,3,9,Sep,38,22
Kit Carson,8063,vona,8,CO,f6645085-3165-4d60-b4a8-5954d15f2bd6,23108,9/12/2017,-1,2017,3,9,Sep,37,12
Larimer,8069,Berthoud,8,CO,cfe4d792-7849-4b8f-9ba2-794494d1c30d,23921,9/26/2017,0,2017,3,9,Sep,39,26
Pueblo,8101,Pueblo West,8,CO,7471e7f4-151b-4187-8376-af71c0de3252,22773,9/11/2017,0,2017,3,9,Sep,37,11
Kit Carson,8063,Seibert,8,CO,08cd41f2-d022-49ab-baf5-5d67ea657d6d,23008,9/11/2017,-2,2017,3,9,Sep,37,11
Pueblo,8101,Rye,8,CO,64ea6bd3-90a8-4766-9873-2236e4d58218,22950,9/11/2017,-2,2017,3,9,Sep,37,11
Pueblo,8101,Rye,8,CO,64ea6bd3-90a8-4766-9873-2236e4d58218,23601,9/21/2017,-2,2017,3,9,Sep,38,21
Pueblo,8101,Rye,8,CO,64ea6bd3-90a8-4766-9873-2236e4d58218,23984,9/29/2017,1,2017,3,9,Sep,39,29
Jefferson,8059,Conifer,8,CO,cde1672d-aca2-4110-bb71-77904aa2a15f,23206,9/14/2017,-2,2017,3,9,Sep,37,14
Jefferson,8059,Conifer,8,CO,cde1672d-aca2-4110-bb71-77904aa2a15f,24082,9/30/2017,2,2017,3,9,Sep,39,30
Arapahoe,8005,Centennial,8,CO,a3f0e216-96d8-4e67-854e-56cd88380af8,22996,9/11/2017,-1,2017,3,9,Sep,37,11
Gunnison,8051,Crested Butte,8,CO,0711cf29-9a79-47b9-bd8e-cf89377b2ec6,22775,9/11/2017,-2,2017,3,9,Sep,37,11
Douglas,8035,Highlands Ranch,8,CO,443f7ab4-a2ba-4b32-9ae1-7f09c72a5531,22687,9/10/2017,-2,2017,3,9,Sep,36,10
Douglas,8035,Highlands Ranch,8,CO,443f7ab4-a2ba-4b32-9ae1-7f09c72a5531,23284,9/16/2017,-2,2017,3,9,Sep,37,16
Douglas,8035,Highlands Ranch,8,CO,443f7ab4-a2ba-4b32-9ae1-7f09c72a5531,23662,9/23/2017,-2,2017,3,9,Sep,38,23
Douglas,8035,Highlands Ranch,8,CO,443f7ab4-a2ba-4b32-9ae1-7f09c72a5531,24051,9/30/2017,0,2017,3,9,Sep,39,30
Larimer,8069,Fort Collins,8,CO,d43537ea-fe33-4deb-b6a5-9aedbb2d306d,23281,9/16/2017,-1,2017,3,9,Sep,37,16
Larimer,8069,Fort Collins,8,CO,d43537ea-fe33-4deb-b6a5-9aedbb2d306d,24067,9/30/2017,1,2017,3,9,Sep,39,30
Grand,8049,Parshall,8,CO,c83fc76c-86d4-40a2-89d8-45a4c95232c0,22423,9/2/2017,-2,2017,3,9,Sep,35,2
Grand,8049,Parshall,8,CO,c83fc76c-86d4-40a2-89d8-45a4c95232c0,22698,9/10/2017,-2,2017,3,9,Sep,36,10
Grand,8049,Parshall,8,CO,c83fc76c-86d4-40a2-89d8-45a4c95232c0,23298,9/16/2017,-2,2017,3,9,Sep,37,16
Grand,8049,Parshall,8,CO,c83fc76c-86d4-40a2-89d8-45a4c95232c0,23691,9/23/2017,-2,2017,3,9,Sep,38,23
Grand,8049,Parshall,8,CO,c83fc76c-86d4-40a2-89d8-45a4c95232c0,24095,9/30/2017,-2,2017,3,9,Sep,39,30
Boulder,8013,Boulder,8,CO,62ea8eff-f52a-404f-bfb6-80fcdd14755d,22902,9/11/2017,-1,2017,3,9,Sep,37,11
Weld,8123,Greeley,8,CO,743652db-2d6f-4d32-a90f-2b81176203ae,22434,9/3/2017,-2,2017,3,9,Sep,35,3
Weld,8123,Greeley,8,CO,743652db-2d6f-4d32-a90f-2b81176203ae,22650,9/10/2017,-2,2017,3,9,Sep,36,10
Weld,8123,Greeley,8,CO,743652db-2d6f-4d32-a90f-2b81176203ae,23384,9/17/2017,-2,2017,3,9,Sep,37,17
Mesa,8077,Grand Junction,8,CO,ed5346f0-6cad-48ac-bcd9-fae6155cdf58,23147,9/13/2017,-1,2017,3,9,Sep,37,13
Mesa,8077,Grand Junction,8,CO,ed5346f0-6cad-48ac-bcd9-fae6155cdf58,23418,9/17/2017,0,2017,3,9,Sep,37,17
Kiowa,8061,Eads,8,CO,bf9fbfc5-2d38-468a-9cf8-2a7704dc1da4,23502,9/18/2017,-1,2017,3,9,Sep,38,18
Mesa,8077,Grand Junction,8,CO,8f87c06d-2b19-4d60-af1a-bd2df2b2742a,23767,9/24/2017,1,2017,3,9,Sep,38,24
Mesa,8077,Grand Junction,8,CO,ac6b1079-d17a-42b6-8ce7-2722e0d480f7,22576,9/7/2017,-1,2017,3,9,Sep,36,7
Mesa,8077,Grand Junction,8,CO,ac6b1079-d17a-42b6-8ce7-2722e0d480f7,22887,9/11/2017,-1,2017,3,9,Sep,37,11
Larimer,8069,Fort Collins,8,CO,c512a3a7-6713-4785-81b2-daca59977b8d,22637,9/9/2017,0,2017,3,9,Sep,36,9
Larimer,8069,Fort Collins,8,CO,c512a3a7-6713-4785-81b2-daca59977b8d,23295,9/16/2017,0,2017,3,9,Sep,37,16
Larimer,8069,Fort Collins,8,CO,c512a3a7-6713-4785-81b2-daca59977b8d,24057,9/30/2017,1,2017,3,9,Sep,39,30
Douglas,8035,Sedalia,8,CO,70cb04af-5955-47ac-9921-01e51a6cc925,23517,9/18/2017,-3,2017,3,9,Sep,38,18
Fremont,8043,Canon City,8,CO,bff45490-b10a-42bc-961a-e695d5bc4f2d,24003,9/29/2017,1,2017,3,9,Sep,39,29
El Paso,8041,Peyton,8,CO,32dc581e-d975-409a-a904-c584ddc538c9,22825,9/11/2017,-1,2017,3,9,Sep,37,11
Weld,8123,Kersey,8,CO,7bfade50-5dce-4274-8680-032e402fcc82,22416,9/2/2017,-1,2017,3,9,Sep,35,2
Weld,8123,Kersey,8,CO,7bfade50-5dce-4274-8680-032e402fcc82,22628,9/9/2017,-1,2017,3,9,Sep,36,9
Weld,8123,Kersey,8,CO,7bfade50-5dce-4274-8680-032e402fcc82,23307,9/16/2017,-1,2017,3,9,Sep,37,16
Weld,8123,Kersey,8,CO,7bfade50-5dce-4274-8680-032e402fcc82,23668,9/23/2017,-1,2017,3,9,Sep,38,23
Weld,8123,Kersey,8,CO,7bfade50-5dce-4274-8680-032e402fcc82,24081,9/30/2017,0,2017,3,9,Sep,39,30
Weld,8123,NewRaymer,8,CO,c8796818-0007-4140-a442-ee9337df151b,23165,9/13/2017,-3,2017,3,9,Sep,37,13
Weld,8123,NewRaymer,8,CO,c8796818-0007-4140-a442-ee9337df151b,23578,9/20/2017,-3,2017,3,9,Sep,38,20
Weld,8123,Fort Lupton,8,CO,0ba88e82-b1ec-43bc-93e6-67094df6ce3a,22992,9/11/2017,-3,2017,3,9,Sep,37,11
Weld,8123,Fort Lupton,8,CO,0ba88e82-b1ec-43bc-93e6-67094df6ce3a,24006,9/29/2017,1,2017,3,9,Sep,39,29
El Paso,8041,Peyton,8,CO,0c0c892e-5be0-40e8-a292-f44a8d126267,22552,9/6/2017,0,2017,3,9,Sep,36,6
El Paso,8041,Peyton,8,CO,0c0c892e-5be0-40e8-a292-f44a8d126267,23054,9/12/2017,-1,2017,3,9,Sep,37,12
El Paso,8041,Peyton,8,CO,0c0c892e-5be0-40e8-a292-f44a8d126267,23549,9/19/2017,-1,2017,3,9,Sep,38,19
El Paso,8041,Peyton,8,CO,0c0c892e-5be0-40e8-a292-f44a8d126267,23924,9/26/2017,0,2017,3,9,Sep,39,26
Pueblo,8101,Pueblo West,8,CO,b3893fae-2223-4ade-9264-5eb7ad3b0f3c,22791,9/11/2017,-1,2017,3,9,Sep,37,11
Morgan,8087,Fort Morgan,8,CO,f18d85b4-c633-41ae-8d2e-ed49a02cf44b,22830,9/11/2017,-2,2017,3,9,Sep,37,11
Denver,8031,Denver,8,CO,a405d66a-bdf8-4c99-b19e-5c91830c2482,22848,9/11/2017,-2,2017,3,9,Sep,37,11
El Paso,8041,Manitou Springs,8,CO,72e75495-bc69-4118-a244-c37fa177bd3a,22856,9/11/2017,0,2017,3,9,Sep,37,11
Larimer,8069,Loveland,8,CO,9fd8c13f-429d-4c89-b7d6-f190f823d2da,22858,9/11/2017,-2,2017,3,9,Sep,37,11
Jefferson,8059,Littleton,8,CO,55f42268-56cf-4564-9418-24248e95d242,22899,9/11/2017,-2,2017,3,9,Sep,37,11
Boulder,8013,Longmont,8,CO,4a070ef4-2f21-4e1c-9f0b-a7d7cd008541,22900,9/11/2017,-2,2017,3,9,Sep,37,11
Kit Carson,8063,Burlington,8,CO,c86829be-54d5-44f4-a6f2-46f9cf765dc5,22977,9/11/2017,0,2017,3,9,Sep,37,11
Jefferson,8059,Evergreen,8,CO,5b84ac25-7f88-46df-9826-bbced17b1181,23071,9/12/2017,-2,2017,3,9,Sep,37,12
Larimer,8069,Fort Collins,8,CO,24a74882-598e-4b8a-8703-5c23037e6ce1,23170,9/13/2017,-1,2017,3,9,Sep,37,13
Douglas,8035,Highlands Ranch,8,CO,aa3adbcb-9e63-4650-abe6-d3924f73147f,23201,9/14/2017,-1,2017,3,9,Sep,37,14
Jefferson,8059,Evergreen,8,CO,6e0e97c5-7a9b-4db5-ab82-74d43755be56,23218,9/14/2017,-2,2017,3,9,Sep,37,14
Larimer,8069,Berthoud,8,CO,151f8b32-1012-4cab-bdfe-3bd202b82d27,23245,9/15/2017,-1,2017,3,9,Sep,37,15
Douglas,8035,highlands ranch,8,CO,526f51ed-76d1-4528-b154-91aa700c371c,23299,9/16/2017,-2,2017,3,9,Sep,37,16
Huerfano,8055,Walsenburg,8,CO,535d06dd-bc1a-4d35-a546-7314fbf3faed,23506,9/18/2017,-1,2017,3,9,Sep,38,18
Huerfano,8055,Walsenburg,8,CO,535d06dd-bc1a-4d35-a546-7314fbf3faed,23856,9/25/2017,0,2017,3,9,Sep,39,25
Montezuma,8083,Cortez,8,CO,51fa194f-f303-42fc-b1b5-be07f5d73002,23513,9/18/2017,-2,2017,3,9,Sep,38,18
Jefferson,8059,Golden,8,CO,075005b3-042a-4694-bfdb-cfe739f192d9,23614,9/22/2017,-1,2017,3,9,Sep,38,22
Boulder,8013,Boulder,8,CO,c9e30dac-3004-4d61-83e7-602577fe42a3,24000,9/29/2017,1,2017,3,9,Sep,39,29
Larimer,8069,Fort Collins,8,CO,cf7bf6f5-f279-4f88-9f6c-c39acba671cc,24077,9/30/2017,2,2017,3,9,Sep,39,30
Adams,8001,Thornton,8,CO,98e4e56a-b927-4c32-94dc-cec3b8a4f684,24276,10/2/2017,0,2017,4,10,Oct,40,2
Adams,8001,Thornton,8,CO,98e4e56a-b927-4c32-94dc-cec3b8a4f684,24641,10/9/2017,2,2017,4,10,Oct,41,9
Adams,8001,Thornton,8,CO,98e4e56a-b927-4c32-94dc-cec3b8a4f684,25078,10/16/2017,0,2017,4,10,Oct,42,16
Washington,8121,Akron,8,CO,8750164b-9ca1-4e08-a2bd-1693205e3ba8,24734,10/12/2017,0,2017,4,10,Oct,41,12
Larimer,8069,Fort Collins,8,CO,4a9d3b19-e6a1-4788-9c5c-3ab8732fd50f,24959,10/15/2017,1,2017,4,10,Oct,41,15
Pueblo,8101,Pueblo West,8,CO,7471e7f4-151b-4187-8376-af71c0de3252,24161,10/1/2017,1,2017,4,10,Oct,39,1
Pueblo,8101,Pueblo West,8,CO,7471e7f4-151b-4187-8376-af71c0de3252,24919,10/15/2017,0,2017,4,10,Oct,41,15
Otero,8089,La Junta,8,CO,4034a193-3569-4525-ba18-5d3551d24706,24956,10/15/2017,1,2017,4,10,Oct,41,15
Douglas,8035,castle rock,8,CO,9cf18c5b-5989-484d-b2b1-e19d92a38dd6,24660,10/7/2017,1,2017,4,10,Oct,40,7
Douglas,8035,Highlands Ranch,8,CO,443f7ab4-a2ba-4b32-9ae1-7f09c72a5531,24463,10/7/2017,0,2017,4,10,Oct,40,7
Douglas,8035,Highlands Ranch,8,CO,443f7ab4-a2ba-4b32-9ae1-7f09c72a5531,24847,10/14/2017,0,2017,4,10,Oct,41,14
Douglas,8035,Highlands Ranch,8,CO,443f7ab4-a2ba-4b32-9ae1-7f09c72a5531,25512,10/28/2017,-1,2017,4,10,Oct,43,28
Larimer,8069,Fort Collins,8,CO,d43537ea-fe33-4deb-b6a5-9aedbb2d306d,25602,10/29/2017,-2,2017,4,10,Oct,43,29
Grand,8049,Parshall,8,CO,c83fc76c-86d4-40a2-89d8-45a4c95232c0,24483,10/7/2017,0,2017,4,10,Oct,40,7
Grand,8049,Parshall,8,CO,c83fc76c-86d4-40a2-89d8-45a4c95232c0,24855,10/14/2017,-1,2017,4,10,Oct,41,14
Grand,8049,Parshall,8,CO,c83fc76c-86d4-40a2-89d8-45a4c95232c0,25228,10/21/2017,-1,2017,4,10,Oct,42,21
Grand,8049,Parshall,8,CO,c83fc76c-86d4-40a2-89d8-45a4c95232c0,25680,10/30/2017,-1,2017,4,10,Oct,44,30
Boulder,8013,Boulder,8,CO,62ea8eff-f52a-404f-bfb6-80fcdd14755d,24751,10/12/2017,1,2017,4,10,Oct,41,12
Weld,8123,Greeley,8,CO,743652db-2d6f-4d32-a90f-2b81176203ae,24165,10/1/2017,1,2017,4,10,Oct,39,1
Weld,8123,Greeley,8,CO,743652db-2d6f-4d32-a90f-2b81176203ae,24337,10/3/2017,2,2017,4,10,Oct,40,3
Weld,8123,Greeley,8,CO,743652db-2d6f-4d32-a90f-2b81176203ae,24531,10/8/2017,0,2017,4,10,Oct,40,8
Weld,8123,Greeley,8,CO,743652db-2d6f-4d32-a90f-2b81176203ae,24934,10/15/2017,1,2017,4,10,Oct,41,15
Weld,8123,Greeley,8,CO,743652db-2d6f-4d32-a90f-2b81176203ae,25303,10/22/2017,0,2017,4,10,Oct,42,22
Weld,8123,Greeley,8,CO,743652db-2d6f-4d32-a90f-2b81176203ae,25601,10/29/2017,-1,2017,4,10,Oct,43,29
Mesa,8077,Grand Junction,8,CO,ed5346f0-6cad-48ac-bcd9-fae6155cdf58,24777,10/13/2017,-1,2017,4,10,Oct,41,13
Mesa,8077,Grand Junction,8,CO,ed5346f0-6cad-48ac-bcd9-fae6155cdf58,25166,10/20/2017,-2,2017,4,10,Oct,42,20
Mesa,8077,Grand Junction,8,CO,ed5346f0-6cad-48ac-bcd9-fae6155cdf58,25482,10/27/2017,-2,2017,4,10,Oct,43,27
Mesa,8077,Grand Junction,8,CO,ed5346f0-6cad-48ac-bcd9-fae6155cdf58,25727,10/31/2017,-2,2017,4,10,Oct,44,31
Mesa,8077,Grand Junction,8,CO,ac6b1079-d17a-42b6-8ce7-2722e0d480f7,24964,10/15/2017,-1,2017,4,10,Oct,41,15
Larimer,8069,Fort Collins,8,CO,c512a3a7-6713-4785-81b2-daca59977b8d,24466,10/7/2017,1,2017,4,10,Oct,40,7
Larimer,8069,Fort Collins,8,CO,c512a3a7-6713-4785-81b2-daca59977b8d,25134,10/17/2017,0,2017,4,10,Oct,42,17
Larimer,8069,Fort Collins,8,CO,c512a3a7-6713-4785-81b2-daca59977b8d,25518,10/28/2017,-1,2017,4,10,Oct,43,28
Boulder,8013,Boulder,8,CO,c3a51b0c-1037-48ee-80a7-b8878639bcae,25101,10/16/2017,1,2017,4,10,Oct,42,16
Larimer,8069,Fort Collins,8,CO,dfb6f550-7283-47b8-8f63-8e8606d3c9a7,24397,10/2/2017,2,2017,4,10,Oct,40,2
Larimer,8069,Fort Collins,8,CO,dfb6f550-7283-47b8-8f63-8e8606d3c9a7,25102,10/16/2017,1,2017,4,10,Oct,42,16
Larimer,8069,Fort Collins,8,CO,dfb6f550-7283-47b8-8f63-8e8606d3c9a7,25761,10/30/2017,0,2017,4,10,Oct,44,30
Elbert,8039,Elbert,8,CO,ab40f47f-adb9-41dc-8052-14e3289a61bd,24971,10/15/2017,-2,2017,4,10,Oct,41,15
Elbert,8039,Elbert,8,CO,ab40f47f-adb9-41dc-8052-14e3289a61bd,25408,10/22/2017,-2,2017,4,10,Oct,42,22
Elbert,8039,Elbert,8,CO,ab40f47f-adb9-41dc-8052-14e3289a61bd,25616,10/29/2017,-2,2017,4,10,Oct,43,29
Weld,8123,Kersey,8,CO,7bfade50-5dce-4274-8680-032e402fcc82,24480,10/7/2017,0,2017,4,10,Oct,40,7
Weld,8123,Kersey,8,CO,7bfade50-5dce-4274-8680-032e402fcc82,24872,10/14/2017,0,2017,4,10,Oct,41,14
Weld,8123,Kersey,8,CO,7bfade50-5dce-4274-8680-032e402fcc82,25221,10/21/2017,0,2017,4,10,Oct,42,21
Weld,8123,Kersey,8,CO,7bfade50-5dce-4274-8680-032e402fcc82,25532,10/28/2017,0,2017,4,10,Oct,43,28
Larimer,8069,Fort Collins,8,CO,0c9ce279-0e49-44c1-9abb-9ca168f226c5,24774,10/13/2017,1,2017,4,10,Oct,41,13
Weld,8123,NewRaymer,8,CO,c8796818-0007-4140-a442-ee9337df151b,24702,10/11/2017,0,2017,4,10,Oct,41,11
Jefferson,8059,Westminster,8,CO,6cd73eb4-292d-4718-9f0e-9dfa956a2b0f,24391,10/5/2017,1,2017,4,10,Oct,40,5
Jefferson,8059,Westminster,8,CO,6cd73eb4-292d-4718-9f0e-9dfa956a2b0f,25305,10/22/2017,-1,2017,4,10,Oct,42,22
El Paso,8041,Peyton,8,CO,0c0c892e-5be0-40e8-a292-f44a8d126267,24341,10/3/2017,0,2017,4,10,Oct,40,3
El Paso,8041,Peyton,8,CO,0c0c892e-5be0-40e8-a292-f44a8d126267,24695,10/11/2017,0,2017,4,10,Oct,41,11
El Paso,8041,Peyton,8,CO,0c0c892e-5be0-40e8-a292-f44a8d126267,25127,10/17/2017,0,2017,4,10,Oct,42,17
El Paso,8041,Peyton,8,CO,0c0c892e-5be0-40e8-a292-f44a8d126267,25461,10/25/2017,0,2017,4,10,Oct,43,25
Pueblo,8101,Pueblo West,8,CO,b3893fae-2223-4ade-9264-5eb7ad3b0f3c,24234,10/1/2017,1,2017,4,10,Oct,39,1
El Paso,8041,Manitou Springs,8,CO,72e75495-bc69-4118-a244-c37fa177bd3a,25611,10/29/2017,0,2017,4,10,Oct,43,29
Jefferson,8059,Littleton,8,CO,55f42268-56cf-4564-9418-24248e95d242,25111,10/16/2017,1,2017,4,10,Oct,42,16
Huerfano,8055,Walsenburg,8,CO,535d06dd-bc1a-4d35-a546-7314fbf3faed,24278,10/2/2017,1,2017,4,10,Oct,40,2
Huerfano,8055,Walsenburg,8,CO,535d06dd-bc1a-4d35-a546-7314fbf3faed,24640,10/9/2017,0,2017,4,10,Oct,41,9
Huerfano,8055,Walsenburg,8,CO,535d06dd-bc1a-4d35-a546-7314fbf3faed,25076,10/16/2017,0,2017,4,10,Oct,42,16
Huerfano,8055,Walsenburg,8,CO,535d06dd-bc1a-4d35-a546-7314fbf3faed,25407,10/23/2017,0,2017,4,10,Oct,43,23
Huerfano,8055,Walsenburg,8,CO,535d06dd-bc1a-4d35-a546-7314fbf3faed,25693,10/30/2017,-1,2017,4,10,Oct,44,30
Routt,8107,Oak Creek,8,CO,352550ed-5be3-49b1-ac4b-d6b9f2c74add,24201,10/1/2017,0,2017,4,10,Oct,39,1
Larimer,8069,Windsor,8,CO,bd9897de-178c-4114-ac3b-eb49420c853c,24263,10/2/2017,2,2017,4,10,Oct,40,2
Montrose,8085,Montrose,8,CO,bbf29704-b811-45de-9306-d6b77f76c699,24949,10/15/2017,-2,2017,4,10,Oct,41,15
Montrose,8085,Montrose,8,CO,bbf29704-b811-45de-9306-d6b77f76c699,25401,10/23/2017,-2,2017,4,10,Oct,43,23
Boulder,8013,Boulder,8,CO,ebde4d8b-154c-4ec5-9450-49b9e9b0e187,25080,10/15/2017,2,2017,4,10,Oct,41,15
Gunnison,8051,Pitkin,8,CO,401e0943-eceb-420d-bfff-09e96efc042b,25082,10/16/2017,-1,2017,4,10,Oct,42,16
Boulder,8013,Boulder,8,CO,1b9b5bfa-5ebd-4695-8f95-ad6fcbbd0a97,25223,10/21/2017,0,2017,4,10,Oct,42,21
Larimer,8069,Fort Collins,8,CO,3c29d13b-7d5d-4054-91f0-16f25103cc32,25696,10/30/2017,-2,2017,4,10,Oct,44,30
Adams,8001,Thornton,8,CO,98e4e56a-b927-4c32-94dc-cec3b8a4f684,25747,11/1/2017,-1,2017,4,11,Nov,44,1
Adams,8001,Thornton,8,CO,98e4e56a-b927-4c32-94dc-cec3b8a4f684,25970,11/6/2017,-1,2017,4,11,Nov,45,6
Adams,8001,Thornton,8,CO,98e4e56a-b927-4c32-94dc-cec3b8a4f684,26296,11/13/2017,-2,2017,4,11,Nov,46,13
Weld,8123,Longmont,8,CO,a7028cc9-b5f6-4710-a166-8e0a239193f6,26046,11/8/2017,1,2017,4,11,Nov,45,8
Weld,8123,Longmont,8,CO,a7028cc9-b5f6-4710-a166-8e0a239193f6,26599,11/24/2017,-2,2017,4,11,Nov,47,24
Washington,8121,Akron,8,CO,8750164b-9ca1-4e08-a2bd-1693205e3ba8,25816,11/4/2017,0,2017,4,11,Nov,44,4
Washington,8121,Akron,8,CO,8750164b-9ca1-4e08-a2bd-1693205e3ba8,26341,11/17/2017,0,2017,4,11,Nov,46,17
Washington,8121,cope,8,CO,faa0447d-0379-46df-8cdd-60a7841a0201,26188,11/12/2017,-2,2017,4,11,Nov,45,12
Larimer,8069,Fort Collins,8,CO,4a9d3b19-e6a1-4788-9c5c-3ab8732fd50f,25746,11/1/2017,0,2017,4,11,Nov,44,1
Larimer,8069,Fort Collins,8,CO,4a9d3b19-e6a1-4788-9c5c-3ab8732fd50f,26135,11/11/2017,1,2017,4,11,Nov,45,11
Larimer,8069,Fort Collins,8,CO,4a9d3b19-e6a1-4788-9c5c-3ab8732fd50f,26385,11/18/2017,0,2017,4,11,Nov,46,18
Larimer,8069,Fort Collins,8,CO,4a9d3b19-e6a1-4788-9c5c-3ab8732fd50f,26749,11/26/2017,0,2017,4,11,Nov,47,26
Mesa,8077,DeBeque,8,CO,753b859d-257d-48c6-b478-e0557a2c4b8d,26014,11/7/2017,-2,2017,4,11,Nov,45,7
Mesa,8077,DeBeque,8,CO,753b859d-257d-48c6-b478-e0557a2c4b8d,26594,11/23/2017,-2,2017,4,11,Nov,47,23
Douglas,8035,castle rock,8,CO,9cf18c5b-5989-484d-b2b1-e19d92a38dd6,25846,11/4/2017,-1,2017,4,11,Nov,44,4
Douglas,8035,Highlands Ranch,8,CO,443f7ab4-a2ba-4b32-9ae1-7f09c72a5531,25812,11/4/2017,-2,2017,4,11,Nov,44,4
Douglas,8035,Highlands Ranch,8,CO,443f7ab4-a2ba-4b32-9ae1-7f09c72a5531,26113,11/11/2017,-2,2017,4,11,Nov,45,11
Douglas,8035,Highlands Ranch,8,CO,443f7ab4-a2ba-4b32-9ae1-7f09c72a5531,26384,11/18/2017,-2,2017,4,11,Nov,46,18
Douglas,8035,Highlands Ranch,8,CO,443f7ab4-a2ba-4b32-9ae1-7f09c72a5531,26644,11/25/2017,-2,2017,4,11,Nov,47,25
Larimer,8069,Fort Collins,8,CO,d43537ea-fe33-4deb-b6a5-9aedbb2d306d,26864,11/30/2017,-2,2017,4,11,Nov,48,30
Grand,8049,Parshall,8,CO,c83fc76c-86d4-40a2-89d8-45a4c95232c0,25834,11/4/2017,-1,2017,4,11,Nov,44,4
Grand,8049,Parshall,8,CO,c83fc76c-86d4-40a2-89d8-45a4c95232c0,26130,11/11/2017,1,2017,4,11,Nov,45,11
Grand,8049,Parshall,8,CO,c83fc76c-86d4-40a2-89d8-45a4c95232c0,26392,11/18/2017,0,2017,4,11,Nov,46,18
Grand,8049,Parshall,8,CO,c83fc76c-86d4-40a2-89d8-45a4c95232c0,26604,11/24/2017,0,2017,4,11,Nov,47,24
Weld,8123,Greeley,8,CO,743652db-2d6f-4d32-a90f-2b81176203ae,25899,11/5/2017,-2,2017,4,11,Nov,44,5
Weld,8123,Greeley,8,CO,743652db-2d6f-4d32-a90f-2b81176203ae,26177,11/12/2017,-2,2017,4,11,Nov,45,12
Weld,8123,Greeley,8,CO,743652db-2d6f-4d32-a90f-2b81176203ae,26437,11/19/2017,-2,2017,4,11,Nov,46,19
Weld,8123,Greeley,8,CO,743652db-2d6f-4d32-a90f-2b81176203ae,26695,11/26/2017,0,2017,4,11,Nov,47,26
Mesa,8077,Grand Junction,8,CO,ed5346f0-6cad-48ac-bcd9-fae6155cdf58,26203,11/12/2017,-1,2017,4,11,Nov,45,12
Mesa,8077,Grand Junction,8,CO,ed5346f0-6cad-48ac-bcd9-fae6155cdf58,26388,11/18/2017,-2,2017,4,11,Nov,46,18
Mesa,8077,Grand Junction,8,CO,ed5346f0-6cad-48ac-bcd9-fae6155cdf58,26658,11/25/2017,-2,2017,4,11,Nov,47,25
Rio Grande,8105,Monte Vista,8,CO,62a50a13-b486-425d-bb45-f686fddcdd70,26852,11/29/2017,-3,2017,4,11,Nov,48,29
Larimer,8069,Fort Collins,8,CO,c512a3a7-6713-4785-81b2-daca59977b8d,26239,11/12/2017,0,2017,4,11,Nov,45,12
Elbert,8039,Elbert,8,CO,ab40f47f-adb9-41dc-8052-14e3289a61bd,26204,11/12/2017,-2,2017,4,11,Nov,45,12
Elbert,8039,Elbert,8,CO,ab40f47f-adb9-41dc-8052-14e3289a61bd,26559,11/19/2017,-2,2017,4,11,Nov,46,19
Weld,8123,Kersey,8,CO,7bfade50-5dce-4274-8680-032e402fcc82,25828,11/4/2017,0,2017,4,11,Nov,44,4
Weld,8123,Kersey,8,CO,7bfade50-5dce-4274-8680-032e402fcc82,26118,11/11/2017,0,2017,4,11,Nov,45,11
Weld,8123,Kersey,8,CO,7bfade50-5dce-4274-8680-032e402fcc82,26395,11/18/2017,0,2017,4,11,Nov,46,18
Weld,8123,Kersey,8,CO,7bfade50-5dce-4274-8680-032e402fcc82,26670,11/25/2017,0,2017,4,11,Nov,47,25
Larimer,8069,Fort Collins,8,CO,0c9ce279-0e49-44c1-9abb-9ca168f226c5,26848,11/29/2017,-2,2017,4,11,Nov,48,29
Weld,8123,NewRaymer,8,CO,c8796818-0007-4140-a442-ee9337df151b,25977,11/6/2017,-3,2017,4,11,Nov,45,6
Weld,8123,Eaton,8,CO,614d841f-6500-4f81-98b5-3266796e6ddd,26802,11/27/2017,-2,2017,4,11,Nov,48,27
El Paso,8041,Peyton,8,CO,0c0c892e-5be0-40e8-a292-f44a8d126267,25742,11/1/2017,0,2017,4,11,Nov,44,1
El Paso,8041,Peyton,8,CO,0c0c892e-5be0-40e8-a292-f44a8d126267,26059,11/9/2017,0,2017,4,11,Nov,45,9
El Paso,8041,Peyton,8,CO,0c0c892e-5be0-40e8-a292-f44a8d126267,26311,11/14/2017,-1,2017,4,11,Nov,46,14
El Paso,8041,Peyton,8,CO,0c0c892e-5be0-40e8-a292-f44a8d126267,26581,11/22/2017,-1,2017,4,11,Nov,47,22
El Paso,8041,Peyton,8,CO,0c0c892e-5be0-40e8-a292-f44a8d126267,26822,11/28/2017,-1,2017,4,11,Nov,48,28
Huerfano,8055,Walsenburg,8,CO,535d06dd-bc1a-4d35-a546-7314fbf3faed,25985,11/6/2017,-1,2017,4,11,Nov,45,6
Huerfano,8055,Walsenburg,8,CO,535d06dd-bc1a-4d35-a546-7314fbf3faed,26289,11/13/2017,0,2017,4,11,Nov,46,13
Huerfano,8055,Walsenburg,8,CO,535d06dd-bc1a-4d35-a546-7314fbf3faed,26539,11/20/2017,0,2017,4,11,Nov,47,20
Huerfano,8055,Walsenburg,8,CO,535d06dd-bc1a-4d35-a546-7314fbf3faed,26795,11/27/2017,-1,2017,4,11,Nov,48,27
Montezuma,8083,Cortez,8,CO,51fa194f-f303-42fc-b1b5-be07f5d73002,26145,11/11/2017,-3,2017,4,11,Nov,45,11
Boulder,8013,Boulder,8,CO,ebde4d8b-154c-4ec5-9450-49b9e9b0e187,26002,11/5/2017,1,2017,4,11,Nov,44,5
Larimer,8069,Fort Collins,8,CO,3c29d13b-7d5d-4054-91f0-16f25103cc32,25983,11/6/2017,-1,2017,4,11,Nov,45,6
Larimer,8069,Fort Collins,8,CO,3c29d13b-7d5d-4054-91f0-16f25103cc32,26551,11/20/2017,0,2017,4,11,Nov,47,20
Larimer,8069,Fort Collins,8,CO,3c29d13b-7d5d-4054-91f0-16f25103cc32,26796,11/27/2017,0,2017,4,11,Nov,48,27
Mesa,8077,Grand Junction,8,CO,cbe0ef43-d007-4672-878f-b1af9dd319dc,26033,11/8/2017,-1,2017,4,11,Nov,45,8
Larimer,8069,Fort Collins,8,CO,0c7ec328-9ab1-49bf-8d59-0cf289d22f32,26062,11/9/2017,0,2017,4,11,Nov,45,9
Larimer,8069,Fort Collins,8,CO,0c7ec328-9ab1-49bf-8d59-0cf289d22f32,26285,11/13/2017,0,2017,4,11,Nov,46,13
Larimer,8069,Fort Collins,8,CO,0c7ec328-9ab1-49bf-8d59-0cf289d22f32,26556,11/20/2017,-1,2017,4,11,Nov,47,20
Larimer,8069,Fort Collins,8,CO,0c7ec328-9ab1-49bf-8d59-0cf289d22f32,26819,11/27/2017,0,2017,4,11,Nov,48,27
Adams,8001,Denver,8,CO,8d1f6b95-8d29-4878-8c29-24cbdb142505,26318,11/14/2017,-3,2017,4,11,Nov,46,14
Jefferson,8059,Evergreen,8,CO,0c4d6f11-d34e-4c02-88ef-c1df5cf9080a,26607,11/24/2017,-2,2017,4,11,Nov,47,24
Larimer,8069,Fort Collins,8,CO,50abf6df-af59-4691-8833-51b8f0f9d518,27175,12/9/2017,-2,2017,4,12,Dec,49,9
Adams,8001,Thornton,8,CO,98e4e56a-b927-4c32-94dc-cec3b8a4f684,27074,12/4/2017,-2,2017,4,12,Dec,49,4
Adams,8001,Thornton,8,CO,98e4e56a-b927-4c32-94dc-cec3b8a4f684,27318,12/11/2017,-2,2017,4,12,Dec,50,11
Adams,8001,Thornton,8,CO,98e4e56a-b927-4c32-94dc-cec3b8a4f684,27509,12/17/2017,-2,2017,4,12,Dec,50,17
Adams,8001,Thornton,8,CO,98e4e56a-b927-4c32-94dc-cec3b8a4f684,27782,12/25/2017,-1,2017,4,12,Dec,52,25
Adams,8001,Thornton,8,CO,98e4e56a-b927-4c32-94dc-cec3b8a4f684,27948,12/31/2017,-2,2017,4,12,Dec,52,31
Washington,8121,cope,8,CO,faa0447d-0379-46df-8cdd-60a7841a0201,27071,12/4/2017,-2,2017,4,12,Dec,49,4
San Miguel,8113,Redvale,8,CO,041daf5f-2bc9-46b4-a06f-d8665bdcd380,27187,12/9/2017,-3,2017,4,12,Dec,49,9
Larimer,8069,Fort Collins,8,CO,4a9d3b19-e6a1-4788-9c5c-3ab8732fd50f,26935,12/2/2017,-1,2017,4,12,Dec,48,2
Larimer,8069,Fort Collins,8,CO,4a9d3b19-e6a1-4788-9c5c-3ab8732fd50f,27180,12/9/2017,-1,2017,4,12,Dec,49,9
Larimer,8069,Fort Collins,8,CO,4a9d3b19-e6a1-4788-9c5c-3ab8732fd50f,27524,12/17/2017,-1,2017,4,12,Dec,50,17
Larimer,8069,Fort Collins,8,CO,4a9d3b19-e6a1-4788-9c5c-3ab8732fd50f,27820,12/29/2017,-1,2017,4,12,Dec,52,29
Larimer,8069,Loveland,8,CO,5cf42229-ea14-4364-8d1e-43e1652798ce,27329,12/11/2017,-3,2017,4,12,Dec,50,11
Pueblo,8101,Pueblo West,8,CO,7471e7f4-151b-4187-8376-af71c0de3252,27057,12/4/2017,-1,2017,4,12,Dec,49,4
Pueblo,8101,Pueblo West,8,CO,7471e7f4-151b-4187-8376-af71c0de3252,27771,12/25/2017,-2,2017,4,12,Dec,52,25
Mesa,8077,DeBeque,8,CO,753b859d-257d-48c6-b478-e0557a2c4b8d,27458,12/16/2017,-3,2017,4,12,Dec,50,16
Pueblo,8101,Rye,8,CO,64ea6bd3-90a8-4766-9873-2236e4d58218,27623,12/21/2017,-2,2017,4,12,Dec,51,21
Larimer,8069,Fort Collins,8,CO,aa6475c2-8a4b-4c4b-877c-c35733eb7b9b,27618,12/20/2017,-2,2017,4,12,Dec,51,20
Douglas,8035,castle rock,8,CO,9cf18c5b-5989-484d-b2b1-e19d92a38dd6,27107,12/5/2017,-2,2017,4,12,Dec,49,5
Arapahoe,8005,Centennial,8,CO,a3f0e216-96d8-4e67-854e-56cd88380af8,27122,12/7/2017,-3,2017,4,12,Dec,49,7
Douglas,8035,Highlands Ranch,8,CO,443f7ab4-a2ba-4b32-9ae1-7f09c72a5531,26921,12/2/2017,-2,2017,4,12,Dec,48,2
Douglas,8035,Highlands Ranch,8,CO,443f7ab4-a2ba-4b32-9ae1-7f09c72a5531,27169,12/9/2017,-2,2017,4,12,Dec,49,9
Douglas,8035,Highlands Ranch,8,CO,443f7ab4-a2ba-4b32-9ae1-7f09c72a5531,27549,12/17/2017,-2,2017,4,12,Dec,50,17
Douglas,8035,Highlands Ranch,8,CO,443f7ab4-a2ba-4b32-9ae1-7f09c72a5531,27664,12/23/2017,-2,2017,4,12,Dec,51,23
Douglas,8035,Highlands Ranch,8,CO,443f7ab4-a2ba-4b32-9ae1-7f09c72a5531,27849,12/30/2017,-2,2017,4,12,Dec,52,30
Grand,8049,Parshall,8,CO,c83fc76c-86d4-40a2-89d8-45a4c95232c0,26941,12/2/2017,-1,2017,4,12,Dec,48,2
Grand,8049,Parshall,8,CO,c83fc76c-86d4-40a2-89d8-45a4c95232c0,27198,12/9/2017,0,2017,4,12,Dec,49,9
Grand,8049,Parshall,8,CO,c83fc76c-86d4-40a2-89d8-45a4c95232c0,27434,12/16/2017,-1,2017,4,12,Dec,50,16
Grand,8049,Parshall,8,CO,c83fc76c-86d4-40a2-89d8-45a4c95232c0,27676,12/23/2017,-2,2017,4,12,Dec,51,23
Boulder,8013,Boulder,8,CO,62ea8eff-f52a-404f-bfb6-80fcdd14755d,27346,12/12/2017,-1,2017,4,12,Dec,50,12
Weld,8123,Greeley,8,CO,743652db-2d6f-4d32-a90f-2b81176203ae,26999,12/3/2017,-2,2017,4,12,Dec,48,3
Weld,8123,Greeley,8,CO,743652db-2d6f-4d32-a90f-2b81176203ae,27239,12/10/2017,-3,2017,4,12,Dec,49,10
Weld,8123,Greeley,8,CO,743652db-2d6f-4d32-a90f-2b81176203ae,27538,12/17/2017,-3,2017,4,12,Dec,50,17
Weld,8123,Greeley,8,CO,743652db-2d6f-4d32-a90f-2b81176203ae,27715,12/24/2017,-3,2017,4,12,Dec,51,24
Weld,8123,Greeley,8,CO,743652db-2d6f-4d32-a90f-2b81176203ae,27922,12/31/2017,-3,2017,4,12,Dec,52,31
Mesa,8077,Grand Junction,8,CO,ed5346f0-6cad-48ac-bcd9-fae6155cdf58,26998,12/3/2017,-2,2017,4,12,Dec,48,3
Mesa,8077,Grand Junction,8,CO,ed5346f0-6cad-48ac-bcd9-fae6155cdf58,27188,12/9/2017,-2,2017,4,12,Dec,49,9
La Plata,8067,Hesperus,8,CO,f3ee371f-67fe-4a4e-bfb9-4ef0edf33e6d,27022,12/3/2017,-2,2017,4,12,Dec,48,3
La Plata,8067,Hesperus,8,CO,f3ee371f-67fe-4a4e-bfb9-4ef0edf33e6d,27273,12/10/2017,-2,2017,4,12,Dec,49,10
La Plata,8067,Hesperus,8,CO,f3ee371f-67fe-4a4e-bfb9-4ef0edf33e6d,27535,12/17/2017,-2,2017,4,12,Dec,50,17
La Plata,8067,Hesperus,8,CO,f3ee371f-67fe-4a4e-bfb9-4ef0edf33e6d,27937,12/31/2017,-2,2017,4,12,Dec,52,31
Rio Grande,8105,Monte Vista,8,CO,62a50a13-b486-425d-bb45-f686fddcdd70,27125,12/7/2017,-3,2017,4,12,Dec,49,7
Rio Grande,8105,Monte Vista,8,CO,62a50a13-b486-425d-bb45-f686fddcdd70,27493,12/17/2017,-3,2017,4,12,Dec,50,17
Rio Grande,8105,Monte Vista,8,CO,62a50a13-b486-425d-bb45-f686fddcdd70,27805,12/27/2017,-3,2017,4,12,Dec,52,27
Larimer,8069,Fort Collins,8,CO,c512a3a7-6713-4785-81b2-daca59977b8d,27196,12/9/2017,-1,2017,4,12,Dec,49,9
Larimer,8069,Fort Collins,8,CO,c512a3a7-6713-4785-81b2-daca59977b8d,27432,12/16/2017,-2,2017,4,12,Dec,50,16
Phillips,8095,Holyoke,8,CO,a144121a-78d2-4dd4-abdb-40778b308843,27333,12/11/2017,-2,2017,4,12,Dec,50,11
Elbert,8039,Elbert,8,CO,ab40f47f-adb9-41dc-8052-14e3289a61bd,27011,12/3/2017,-3,2017,4,12,Dec,48,3
Elbert,8039,Elbert,8,CO,ab40f47f-adb9-41dc-8052-14e3289a61bd,27775,12/24/2017,-2,2017,4,12,Dec,51,24
Weld,8123,Kersey,8,CO,7bfade50-5dce-4274-8680-032e402fcc82,26932,12/2/2017,0,2017,4,12,Dec,48,2
Weld,8123,Kersey,8,CO,7bfade50-5dce-4274-8680-032e402fcc82,27186,12/9/2017,-1,2017,4,12,Dec,49,9
Weld,8123,Kersey,8,CO,7bfade50-5dce-4274-8680-032e402fcc82,27437,12/16/2017,-1,2017,4,12,Dec,50,16
Weld,8123,Kersey,8,CO,7bfade50-5dce-4274-8680-032e402fcc82,27677,12/23/2017,-1,2017,4,12,Dec,51,23
Weld,8123,Kersey,8,CO,7bfade50-5dce-4274-8680-032e402fcc82,27866,12/30/2017,-1,2017,4,12,Dec,52,30
Eagle,8037,Vail,8,CO,64596176-5f0a-45a1-af19-1fb7049e3803,27366,12/13/2017,-3,2017,4,12,Dec,50,13
Eagle,8037,Vail,8,CO,64596176-5f0a-45a1-af19-1fb7049e3803,27574,12/18/2017,-3,2017,4,12,Dec,51,18
Eagle,8037,Vail,8,CO,64596176-5f0a-45a1-af19-1fb7049e3803,27921,12/31/2017,-3,2017,4,12,Dec,52,31
Larimer,8069,Fort Collins,8,CO,0c9ce279-0e49-44c1-9abb-9ca168f226c5,27387,12/15/2017,-3,2017,4,12,Dec,50,15
Jefferson,8059,Westminster,8,CO,6cd73eb4-292d-4718-9f0e-9dfa956a2b0f,27100,12/5/2017,-2,2017,4,12,Dec,49,5
El Paso,8041,Peyton,8,CO,0c0c892e-5be0-40e8-a292-f44a8d126267,27124,12/7/2017,-1,2017,4,12,Dec,49,7
El Paso,8041,Peyton,8,CO,0c0c892e-5be0-40e8-a292-f44a8d126267,27344,12/12/2017,-1,2017,4,12,Dec,50,12
El Paso,8041,Peyton,8,CO,0c0c892e-5be0-40e8-a292-f44a8d126267,27599,12/19/2017,-1,2017,4,12,Dec,51,19
El Paso,8041,Peyton,8,CO,0c0c892e-5be0-40e8-a292-f44a8d126267,27806,12/27/2017,-2,2017,4,12,Dec,52,27
Saguache,8109,Villa Grove,8,CO,ef47879d-a35a-41b4-af24-a7dec7c523c0,27259,12/10/2017,-3,2017,4,12,Dec,49,10
Saguache,8109,Villa Grove,8,CO,ef47879d-a35a-41b4-af24-a7dec7c523c0,27730,12/24/2017,-3,2017,4,12,Dec,51,24
Huerfano,8055,Walsenburg,8,CO,535d06dd-bc1a-4d35-a546-7314fbf3faed,27086,12/4/2017,-2,2017,4,12,Dec,49,4
Huerfano,8055,Walsenburg,8,CO,535d06dd-bc1a-4d35-a546-7314fbf3faed,27317,12/11/2017,-2,2017,4,12,Dec,50,11
Huerfano,8055,Walsenburg,8,CO,535d06dd-bc1a-4d35-a546-7314fbf3faed,27619,12/20/2017,-2,2017,4,12,Dec,51,20
Huerfano,8055,Walsenburg,8,CO,535d06dd-bc1a-4d35-a546-7314fbf3faed,27791,12/25/2017,-2,2017,4,12,Dec,52,25
Boulder,8013,Boulder,8,CO,c9e30dac-3004-4d61-83e7-602577fe42a3,27379,12/14/2017,-1,2017,4,12,Dec,50,14
Larimer,8069,Fort Collins,8,CO,cf7bf6f5-f279-4f88-9f6c-c39acba671cc,27202,12/9/2017,-2,2017,4,12,Dec,49,9
Gunnison,8051,Pitkin,8,CO,401e0943-eceb-420d-bfff-09e96efc042b,27085,12/4/2017,-2,2017,4,12,Dec,49,4
Gunnison,8051,Pitkin,8,CO,401e0943-eceb-420d-bfff-09e96efc042b,27334,12/11/2017,-2,2017,4,12,Dec,50,11
Gunnison,8051,Pitkin,8,CO,401e0943-eceb-420d-bfff-09e96efc042b,27600,12/19/2017,-2,2017,4,12,Dec,51,19
Gunnison,8051,Pitkin,8,CO,401e0943-eceb-420d-bfff-09e96efc042b,27800,12/26/2017,-2,2017,4,12,Dec,52,26
Larimer,8069,Fort Collins,8,CO,3c29d13b-7d5d-4054-91f0-16f25103cc32,27578,12/18/2017,-2,2017,4,12,Dec,51,18
Larimer,8069,Fort Collins,8,CO,3c29d13b-7d5d-4054-91f0-16f25103cc32,27777,12/25/2017,-1,2017,4,12,Dec,52,25
Larimer,8069,Fort Collins,8,CO,0c7ec328-9ab1-49bf-8d59-0cf289d22f32,27079,12/4/2017,0,2017,4,12,Dec,49,4
Jefferson,8059,Evergreen,8,CO,0c4d6f11-d34e-4c02-88ef-c1df5cf9080a,26950,12/2/2017,-2,2017,4,12,Dec,48,2
Chaffee,8015,Buena Vista,8,CO,4a66cc3f-f083-4f0b-a9a0-4ed38540787c,27015,12/3/2017,-2,2017,4,12,Dec,48,3
Chaffee,8015,Buena Vista,8,CO,4a66cc3f-f083-4f0b-a9a0-4ed38540787c,27287,12/10/2017,-3,2017,4,12,Dec,49,10
